Impression ID,Username,Link Code,Ad Type,Ad Position,Revenue,IP Address,Timestamp
1111,maahi,hzxasa,large,1,$0.05,192.168.1.1,2026-01-05T00:17:44.038099
1100,maahi,hzxasa,small,3,$0.02,192.168.1.1,2026-01-05T00:17:44.037958
1066,maahi,hisss,small,2,$0.02,192.168.1.1,2026-01-05T00:17:44.037435
1060,sandipp,dewe,large,3,$0.05,192.168.1.1,2026-01-05T00:17:44.037276
1007,name,demo,small,1,$0.02,192.168.1.1,2026-01-05T00:17:44.036070
1006,name,demo,large,1,$0.05,192.168.1.1,2026-01-05T00:17:44.036051
991,name,demo,small,2,$0.02,192.168.1.1,2026-01-05T00:17:44.035766
938,testuser,google-test,large,1,$0.05,192.168.1.1,2026-01-05T00:17:44.034762
898,name,aC2JOu,large,3,$0.05,192.168.1.1,2026-01-05T00:17:44.033760
892,name,aC2JOu,small,1,$0.02,192.168.1.1,2026-01-05T00:17:44.033637
863,name,extension,large,3,$0.05,192.168.1.1,2026-01-05T00:17:44.033279
852,ku;dedee,wddwd,small,2,$0.02,192.168.1.1,2026-01-05T00:17:44.033140
836,ku;dedee,wddwd,small,1,$0.02,192.168.1.1,2026-01-05T00:17:44.032895
806,name,bugfix3,small,3,$0.02,192.168.1.38,2026-01-04T18:38:22.941185
802,brooo,linkboxchk,large,1,$0.05,192.168.1.121,2026-01-04T18:38:22.941147
800,maahi,hzxasa,small,2,$0.02,192.168.1.124,2026-01-04T18:38:22.941124
765,ku;dedee,testpwd,small,2,$0.02,192.168.1.228,2026-01-04T18:38:22.939971
737,name,bugfix1,small,2,$0.02,192.168.1.241,2026-01-04T18:38:22.939391
673,name,demo,small,2,$0.02,192.168.1.132,2026-01-04T18:38:22.938212
639,kscs,168926,small,3,$0.02,192.168.1.251,2026-01-04T18:38:22.937664
620,ku;dedee,wddwd,small,3,$0.02,192.168.1.227,2026-01-04T18:38:22.937463
585,name,aC2JOu,small,3,$0.02,192.168.1.103,2026-01-04T18:38:22.936027
563,ku;dedee,testpwd,small,2,$0.02,192.168.1.156,2026-01-04T18:38:22.935092
558,name,bugfix1,small,2,$0.02,192.168.1.200,2026-01-04T18:38:22.934977
523,sandipp,dewe,small,2,$0.02,192.168.1.76,2026-01-04T18:38:22.933433
420,maahi,hzxasa,large,1,$0.05,192.168.1.86,2026-01-04T18:38:22.930432
395,ku;dedee,wddwd,small,3,$0.02,192.168.1.109,2026-01-04T18:38:22.929772
379,name,bugfix3,large,1,$0.05,192.168.1.95,2026-01-04T18:38:22.929002
375,sandip,sand,large,1,$0.05,192.168.1.19,2026-01-04T18:38:22.928966
309,name,kkk,small,3,$0.02,192.168.1.115,2026-01-04T18:38:22.927449
301,brooo,bugfix4,small,3,$0.02,192.168.1.230,2026-01-04T18:38:22.927313
119,ku;dedee,wddwd,small,3,$0.02,192.168.1.66,2026-01-04T18:38:22.922398
117,kscs,news,large,1,$0.05,192.168.1.217,2026-01-04T18:38:22.922352
79,kscs,news,large,1,$0.05,192.168.1.224,2026-01-04T18:38:22.921699
32,name,bugfix1,small,3,$0.02,192.168.1.189,2026-01-04T18:38:22.919672
1059,sandipp,dewe,large,3,$0.05,192.168.1.1,2026-01-04T00:17:44.037255
1017,sandip,sand,small,2,$0.02,192.168.1.1,2026-01-04T00:17:44.036287
970,name,demo,large,1,$0.05,192.168.1.1,2026-01-04T00:17:44.035375
961,testuser,google-test,large,3,$0.05,192.168.1.1,2026-01-04T00:17:44.035231
931,testuser,google-test,small,3,$0.02,192.168.1.1,2026-01-04T00:17:44.034629
926,name,aC2JOu,small,1,$0.02,192.168.1.1,2026-01-04T00:17:44.034533
903,name,aC2JOu,large,2,$0.05,192.168.1.1,2026-01-04T00:17:44.033821
832,ku;dedee,wddwd,large,2,$0.05,192.168.1.1,2026-01-04T00:17:44.032845
815,testuser,google-test,small,2,$0.02,192.168.1.195,2026-01-03T18:38:22.941260
810,maahi,hisss,small,3,$0.02,192.168.1.13,2026-01-03T18:38:22.941218
720,brooo,test1,small,3,$0.02,192.168.1.120,2026-01-03T18:38:22.938664
710,kscs,168926,small,3,$0.02,192.168.1.22,2026-01-03T18:38:22.938569
688,name,demo,small,2,$0.02,192.168.1.186,2026-01-03T18:38:22.938372
641,maahi,hzxasa,small,2,$0.02,192.168.1.183,2026-01-03T18:38:22.937684
577,brooo,linkboxchk,small,3,$0.02,192.168.1.17,2026-01-03T18:38:22.935651
575,name,bugfix1,small,2,$0.02,192.168.1.144,2026-01-03T18:38:22.935616
537,name,kkk,small,2,$0.02,192.168.1.3,2026-01-03T18:38:22.933583
507,name,bugfix1,small,3,$0.02,192.168.1.240,2026-01-03T18:38:22.933044
487,maahi,hisss,small,2,$0.02,192.168.1.146,2026-01-03T18:38:22.932829
470,sandip,sand,small,2,$0.02,192.168.1.52,2026-01-03T18:38:22.932325
446,name,bugfix3,small,2,$0.02,192.168.1.117,2026-01-03T18:38:22.931321
432,name,aC2JOu,small,2,$0.02,192.168.1.207,2026-01-03T18:38:22.930601
422,brooo,bugfix4,large,1,$0.05,192.168.1.19,2026-01-03T18:38:22.930468
293,sandip,sand,small,2,$0.02,192.168.1.127,2026-01-03T18:38:22.927176
275,ku;dedee,testpwd,large,1,$0.05,192.168.1.214,2026-01-03T18:38:22.926678
257,name,demo,small,3,$0.02,192.168.1.251,2026-01-03T18:38:22.926427
218,name,bugfix3,small,2,$0.02,192.168.1.150,2026-01-03T18:38:22.925503
215,name,demo,small,2,$0.02,192.168.1.73,2026-01-03T18:38:22.925428
193,sandip,sand,small,2,$0.02,192.168.1.222,2026-01-03T18:38:22.924651
181,ku;dedee,testpwd,small,2,$0.02,192.168.1.227,2026-01-03T18:38:22.924206
157,name,demo,small,3,$0.02,192.168.1.187,2026-01-03T18:38:22.923811
154,name,demo,small,2,$0.02,192.168.1.42,2026-01-03T18:38:22.923656
99,maahi,hzxasa,small,2,$0.02,192.168.1.113,2026-01-03T18:38:22.922094
80,maahi,hisss,large,1,$0.05,192.168.1.105,2026-01-03T18:38:22.921712
65,name,bugfix2,large,1,$0.05,192.168.1.242,2026-01-03T18:38:22.921223
62,name,kkk,small,2,$0.02,192.168.1.133,2026-01-03T18:38:22.920513
1070,maahi,hisss,small,2,$0.02,192.168.1.1,2026-01-03T00:17:44.037511
1042,sandipp,dewe,small,3,$0.02,192.168.1.1,2026-01-03T00:17:44.036803
1016,sandip,sand,large,2,$0.05,192.168.1.1,2026-01-03T00:17:44.036266
981,name,demo,small,2,$0.02,192.168.1.1,2026-01-03T00:17:44.035590
978,name,demo,small,1,$0.02,192.168.1.1,2026-01-03T00:17:44.035518
940,testuser,google-test,large,3,$0.05,192.168.1.1,2026-01-03T00:17:44.034802
849,ku;dedee,wddwd,large,2,$0.05,192.168.1.1,2026-01-03T00:17:44.033103
822,ku;dedee,wddwd,small,2,$0.02,192.168.1.214,2026-01-02T18:38:22.941321
778,name,bugfix3,small,2,$0.02,192.168.1.174,2026-01-02T18:38:22.940313
744,name,bugfix2,small,3,$0.02,192.168.1.89,2026-01-02T18:38:22.939461
743,brooo,bugfix4,small,2,$0.02,192.168.1.36,2026-01-02T18:38:22.939452
733,name,kkk,large,1,$0.05,192.168.1.188,2026-01-02T18:38:22.939354
679,brooo,test1,small,2,$0.02,192.168.1.112,2026-01-02T18:38:22.938270
671,maahi,hzxasa,small,3,$0.02,192.168.1.184,2026-01-02T18:38:22.938191
658,maahi,hisss,large,1,$0.05,192.168.1.234,2026-01-02T18:38:22.938046
648,brooo,linkboxchk,small,2,$0.02,192.168.1.250,2026-01-02T18:38:22.937930
573,maahi,hzxasa,small,2,$0.02,192.168.1.63,2026-01-02T18:38:22.935585
502,sandip,sand,small,2,$0.02,192.168.1.171,2026-01-02T18:38:22.932995
480,sandipp,dewe,large,1,$0.05,192.168.1.91,2026-01-02T18:38:22.932435
440,name,demo,large,1,$0.05,192.168.1.20,2026-01-02T18:38:22.930969
366,name,bugfix3,small,3,$0.02,192.168.1.137,2026-01-02T18:38:22.928882
336,maahi,hzxasa,small,2,$0.02,192.168.1.109,2026-01-02T18:38:22.928224
294,name,bugfix3,large,1,$0.05,192.168.1.168,2026-01-02T18:38:22.927190
277,maahi,hisss,small,2,$0.02,192.168.1.184,2026-01-02T18:38:22.926708
276,name,extension,small,2,$0.02,192.168.1.166,2026-01-02T18:38:22.926691
245,name,bugfix3,small,2,$0.02,192.168.1.142,2026-01-02T18:38:22.926068
220,name,bugfix3,small,2,$0.02,192.168.1.243,2026-01-02T18:38:22.925706
173,maahi,hisss,large,1,$0.05,192.168.1.235,2026-01-02T18:38:22.924041
140,kscs,168926,small,3,$0.02,192.168.1.242,2026-01-02T18:38:22.923428
123,testuser,google-test,large,1,$0.05,192.168.1.96,2026-01-02T18:38:22.922920
118,name,bugfix3,large,1,$0.05,192.168.1.144,2026-01-02T18:38:22.922365
107,name,bugfix2,small,3,$0.02,192.168.1.121,2026-01-02T18:38:22.922208
37,name,extension,large,1,$0.05,192.168.1.165,2026-01-02T18:38:22.919799
3,name,bugfix2,small,2,$0.02,192.168.1.27,2026-01-02T18:38:22.918034
1013,name,demo,small,3,$0.02,192.168.1.1,2026-01-02T00:17:44.036195
901,name,aC2JOu,large,1,$0.05,192.168.1.1,2026-01-02T00:17:44.033796
881,name,aC2JOu,small,2,$0.02,192.168.1.1,2026-01-02T00:17:44.033501
840,ku;dedee,wddwd,large,1,$0.05,192.168.1.1,2026-01-02T00:17:44.032986
834,ku;dedee,wddwd,small,2,$0.02,192.168.1.1,2026-01-02T00:17:44.032869
820,testuser,google-test,small,3,$0.02,192.168.1.190,2026-01-01T18:38:22.941304
764,name,bugfix1,large,1,$0.05,192.168.1.160,2026-01-01T18:38:22.939634
734,testuser,google-test,large,1,$0.05,192.168.1.115,2026-01-01T18:38:22.939363
723,name,extension,large,1,$0.05,192.168.1.155,2026-01-01T18:38:22.938695
697,name,aC2JOu,large,1,$0.05,192.168.1.40,2026-01-01T18:38:22.938456
674,name,demo,small,2,$0.02,192.168.1.61,2026-01-01T18:38:22.938225
649,name,extension,large,1,$0.05,192.168.1.180,2026-01-01T18:38:22.937942
565,sandip,sand,large,1,$0.05,192.168.1.3,2026-01-01T18:38:22.935120
535,brooo,linkboxchk,small,3,$0.02,192.168.1.71,2026-01-01T18:38:22.933566
526,name,aC2JOu,small,2,$0.02,192.168.1.45,2026-01-01T18:38:22.933488
515,maahi,hisss,large,1,$0.05,192.168.1.197,2026-01-01T18:38:22.933326
491,name,aC2JOu,large,1,$0.05,192.168.1.118,2026-01-01T18:38:22.932893
488,maahi,hzxasa,small,3,$0.02,192.168.1.121,2026-01-01T18:38:22.932849
467,name,kkk,small,2,$0.02,192.168.1.248,2026-01-01T18:38:22.932298
435,name,bugfix1,small,3,$0.02,192.168.1.231,2026-01-01T18:38:22.930645
418,ku;dedee,testpwd,small,3,$0.02,192.168.1.148,2026-01-01T18:38:22.930407
386,sandipp,dewe,large,1,$0.05,192.168.1.196,2026-01-01T18:38:22.929383
377,maahi,hisss,large,1,$0.05,192.168.1.76,2026-01-01T18:38:22.928984
353,sandip,sand,small,3,$0.02,192.168.1.187,2026-01-01T18:38:22.928705
346,brooo,bugfix4,large,1,$0.05,192.168.1.1,2026-01-01T18:38:22.928608
340,kscs,168926,small,3,$0.02,192.168.1.203,2026-01-01T18:38:22.928278
308,testuser,google-test,small,2,$0.02,192.168.1.143,2026-01-01T18:38:22.927431
290,brooo,bugfix4,small,2,$0.02,192.168.1.133,2026-01-01T18:38:22.927131
282,maahi,hisss,large,1,$0.05,192.168.1.3,2026-01-01T18:38:22.926995
244,name,bugfix3,large,1,$0.05,192.168.1.60,2026-01-01T18:38:22.926057
176,brooo,linkboxchk,small,3,$0.02,192.168.1.186,2026-01-01T18:38:22.924095
170,name,kkk,small,3,$0.02,192.168.1.157,2026-01-01T18:38:22.924000
160,name,bugfix3,small,3,$0.02,192.168.1.79,2026-01-01T18:38:22.923857
30,name,kkk,large,1,$0.05,192.168.1.163,2026-01-01T18:38:22.919643
1106,maahi,hzxasa,large,3,$0.05,192.168.1.1,2026-01-01T00:17:44.038037
1086,maahi,hisss,large,3,$0.05,192.168.1.1,2026-01-01T00:17:44.037774
1085,maahi,hisss,small,2,$0.02,192.168.1.1,2026-01-01T00:17:44.037762
1084,maahi,hisss,small,1,$0.02,192.168.1.1,2026-01-01T00:17:44.037748
1074,maahi,hisss,small,3,$0.02,192.168.1.1,2026-01-01T00:17:44.037605
1065,sandipp,dewe,large,3,$0.05,192.168.1.1,2026-01-01T00:17:44.037413
1041,sandipp,dewe,large,3,$0.05,192.168.1.1,2026-01-01T00:17:44.036785
1037,sandipp,dewe,small,1,$0.02,192.168.1.1,2026-01-01T00:17:44.036702
972,name,demo,small,3,$0.02,192.168.1.1,2026-01-01T00:17:44.035412
872,name,extension,large,3,$0.05,192.168.1.1,2026-01-01T00:17:44.033389
862,ku;dedee,wddwd,large,2,$0.05,192.168.1.1,2026-01-01T00:17:44.033263
785,name,demo,small,2,$0.02,192.168.1.199,2025-12-31T18:38:22.940464
751,kscs,news,large,1,$0.05,192.168.1.19,2025-12-31T18:38:22.939522
750,ku;dedee,testpwd,large,1,$0.05,192.168.1.78,2025-12-31T18:38:22.939513
667,brooo,linkboxchk,large,1,$0.05,192.168.1.248,2025-12-31T18:38:22.938125
617,maahi,hisss,small,2,$0.02,192.168.1.180,2025-12-31T18:38:22.937173
611,maahi,hisss,large,1,$0.05,192.168.1.42,2025-12-31T18:38:22.936911
589,brooo,linkboxchk,small,2,$0.02,192.168.1.61,2025-12-31T18:38:22.936089
543,ku;dedee,wddwd,large,1,$0.05,192.168.1.108,2025-12-31T18:38:22.934584
489,brooo,test1,small,2,$0.02,192.168.1.80,2025-12-31T18:38:22.932864
476,name,kkk,small,2,$0.02,192.168.1.197,2025-12-31T18:38:22.932379
464,name,bugfix1,small,2,$0.02,192.168.1.49,2025-12-31T18:38:22.932268
428,name,bugfix1,small,3,$0.02,192.168.1.124,2025-12-31T18:38:22.930546
385,testuser,google-test,large,1,$0.05,192.168.1.141,2025-12-31T18:38:22.929368
382,ku;dedee,wddwd,large,1,$0.05,192.168.1.235,2025-12-31T18:38:22.929273
349,name,extension,small,2,$0.02,192.168.1.69,2025-12-31T18:38:22.928654
331,name,bugfix1,small,2,$0.02,192.168.1.55,2025-12-31T18:38:22.928155
310,kscs,168926,small,3,$0.02,192.168.1.17,2025-12-31T18:38:22.927462
306,name,bugfix3,small,2,$0.02,192.168.1.7,2025-12-31T18:38:22.927397
271,name,bugfix2,small,3,$0.02,192.168.1.244,2025-12-31T18:38:22.926622
223,brooo,linkboxchk,small,2,$0.02,192.168.1.188,2025-12-31T18:38:22.925770
199,name,bugfix1,large,1,$0.05,192.168.1.245,2025-12-31T18:38:22.924873
178,ku;dedee,testpwd,large,1,$0.05,192.168.1.250,2025-12-31T18:38:22.924121
124,ku;dedee,wddwd,small,2,$0.02,192.168.1.35,2025-12-31T18:38:22.922987
116,sandip,sand,small,3,$0.02,192.168.1.217,2025-12-31T18:38:22.922335
98,ku;dedee,testpwd,large,1,$0.05,192.168.1.59,2025-12-31T18:38:22.922080
93,maahi,hzxasa,small,2,$0.02,192.168.1.104,2025-12-31T18:38:22.921876
82,name,demo,small,2,$0.02,192.168.1.106,2025-12-31T18:38:22.921737
71,name,demo,small,2,$0.02,192.168.1.56,2025-12-31T18:38:22.921577
61,ku;dedee,testpwd,large,1,$0.05,192.168.1.29,2025-12-31T18:38:22.920486
35,kscs,news,large,1,$0.05,192.168.1.10,2025-12-31T18:38:22.919769
1107,maahi,hzxasa,large,3,$0.05,192.168.1.1,2025-12-31T00:17:44.038050
1104,maahi,hzxasa,small,2,$0.02,192.168.1.1,2025-12-31T00:17:44.038012
1075,maahi,hisss,large,3,$0.05,192.168.1.1,2025-12-31T00:17:44.037623
1020,sandip,sand,small,2,$0.02,192.168.1.1,2025-12-31T00:17:44.036354
1002,name,demo,small,1,$0.02,192.168.1.1,2025-12-31T00:17:44.035974
963,testuser,google-test,small,3,$0.02,192.168.1.1,2025-12-31T00:17:44.035256
928,testuser,google-test,small,1,$0.02,192.168.1.1,2025-12-31T00:17:44.034577
896,name,aC2JOu,small,2,$0.02,192.168.1.1,2025-12-31T00:17:44.033732
845,ku;dedee,wddwd,large,2,$0.05,192.168.1.1,2025-12-31T00:17:44.033054
787,maahi,hisss,small,2,$0.02,192.168.1.103,2025-12-30T18:38:22.940489
732,name,extension,small,2,$0.02,192.168.1.207,2025-12-30T18:38:22.939344
705,name,kkk,large,1,$0.05,192.168.1.154,2025-12-30T18:38:22.938526
693,brooo,bugfix4,large,1,$0.05,192.168.1.30,2025-12-30T18:38:22.938417
690,sandip,sand,small,2,$0.02,192.168.1.82,2025-12-30T18:38:22.938390
629,name,bugfix2,large,1,$0.05,192.168.1.197,2025-12-30T18:38:22.937548
624,kscs,news,small,3,$0.02,192.168.1.134,2025-12-30T18:38:22.937504
578,maahi,hisss,large,1,$0.05,192.168.1.109,2025-12-30T18:38:22.935673
576,name,bugfix3,small,2,$0.02,192.168.1.88,2025-12-30T18:38:22.935633
518,maahi,hzxasa,small,3,$0.02,192.168.1.255,2025-12-30T18:38:22.933365
512,sandip,sand,small,3,$0.02,192.168.1.134,2025-12-30T18:38:22.933251
425,brooo,linkboxchk,small,2,$0.02,192.168.1.60,2025-12-30T18:38:22.930506
376,ku;dedee,testpwd,large,1,$0.05,192.168.1.136,2025-12-30T18:38:22.928975
369,maahi,hisss,large,1,$0.05,192.168.1.115,2025-12-30T18:38:22.928912
363,name,bugfix2,small,2,$0.02,192.168.1.232,2025-12-30T18:38:22.928840
350,name,aC2JOu,small,2,$0.02,192.168.1.63,2025-12-30T18:38:22.928663
280,name,bugfix2,small,3,$0.02,192.168.1.66,2025-12-30T18:38:22.926951
267,sandipp,dewe,large,1,$0.05,192.168.1.191,2025-12-30T18:38:22.926563
228,maahi,hisss,large,1,$0.05,192.168.1.227,2025-12-30T18:38:22.925838
146,name,bugfix2,large,1,$0.05,192.168.1.198,2025-12-30T18:38:22.923481
112,name,bugfix2,large,1,$0.05,192.168.1.14,2025-12-30T18:38:22.922276
87,maahi,hzxasa,small,2,$0.02,192.168.1.187,2025-12-30T18:38:22.921800
60,name,bugfix1,large,1,$0.05,192.168.1.255,2025-12-30T18:38:22.920469
55,ku;dedee,testpwd,small,2,$0.02,192.168.1.232,2025-12-30T18:38:22.920321
41,name,kkk,large,1,$0.05,192.168.1.143,2025-12-30T18:38:22.919930
1099,maahi,hzxasa,large,3,$0.05,192.168.1.1,2025-12-30T00:17:44.037944
1028,sandip,sand,small,3,$0.02,192.168.1.1,2025-12-30T00:17:44.036519
1015,sandip,sand,large,3,$0.05,192.168.1.1,2025-12-30T00:17:44.036245
955,testuser,google-test,small,2,$0.02,192.168.1.1,2025-12-30T00:17:44.035102
950,testuser,google-test,large,3,$0.05,192.168.1.1,2025-12-30T00:17:44.034996
910,name,aC2JOu,large,3,$0.05,192.168.1.1,2025-12-30T00:17:44.033907
825,brooo,linkboxchk,small,3,$0.02,192.168.1.88,2025-12-29T18:38:22.941347
819,sandip,sand,small,2,$0.02,192.168.1.117,2025-12-29T18:38:22.941296
795,ku;dedee,testpwd,small,2,$0.02,192.168.1.151,2025-12-29T18:38:22.941078
790,kscs,168926,small,2,$0.02,192.168.1.52,2025-12-29T18:38:22.941033
767,kscs,168926,large,1,$0.05,192.168.1.104,2025-12-29T18:38:22.940110
724,ku;dedee,wddwd,small,3,$0.02,192.168.1.36,2025-12-29T18:38:22.938703
698,name,bugfix2,small,3,$0.02,192.168.1.5,2025-12-29T18:38:22.938464
687,kscs,news,small,3,$0.02,192.168.1.84,2025-12-29T18:38:22.938363
675,name,extension,small,3,$0.02,192.168.1.68,2025-12-29T18:38:22.938234
663,name,bugfix1,small,2,$0.02,192.168.1.109,2025-12-29T18:38:22.938090
660,sandip,sand,small,2,$0.02,192.168.1.117,2025-12-29T18:38:22.938064
622,name,bugfix3,large,1,$0.05,192.168.1.138,2025-12-29T18:38:22.937487
601,brooo,linkboxchk,large,1,$0.05,192.168.1.246,2025-12-29T18:38:22.936474
598,sandipp,dewe,large,1,$0.05,192.168.1.133,2025-12-29T18:38:22.936420
536,sandipp,dewe,large,1,$0.05,192.168.1.120,2025-12-29T18:38:22.933575
521,ku;dedee,testpwd,small,2,$0.02,192.168.1.211,2025-12-29T18:38:22.933409
430,maahi,hzxasa,large,1,$0.05,192.168.1.190,2025-12-29T18:38:22.930572
404,sandip,sand,large,1,$0.05,192.168.1.234,2025-12-29T18:38:22.929897
299,ku;dedee,testpwd,large,1,$0.05,192.168.1.85,2025-12-29T18:38:22.927278
253,maahi,hzxasa,small,2,$0.02,192.168.1.70,2025-12-29T18:38:22.926329
243,name,kkk,small,2,$0.02,192.168.1.163,2025-12-29T18:38:22.926043
234,name,aC2JOu,large,1,$0.05,192.168.1.106,2025-12-29T18:38:22.925908
197,name,aC2JOu,small,3,$0.02,192.168.1.12,2025-12-29T18:38:22.924707
150,sandipp,dewe,small,3,$0.02,192.168.1.193,2025-12-29T18:38:22.923595
147,name,bugfix3,large,1,$0.05,192.168.1.228,2025-12-29T18:38:22.923490
111,name,bugfix1,small,3,$0.02,192.168.1.217,2025-12-29T18:38:22.922262
94,sandip,sand,small,2,$0.02,192.168.1.48,2025-12-29T18:38:22.921887
1102,maahi,hzxasa,small,1,$0.02,192.168.1.1,2025-12-29T00:17:44.037983
1053,sandipp,dewe,large,3,$0.05,192.168.1.1,2025-12-29T00:17:44.037123
1035,sandipp,dewe,small,2,$0.02,192.168.1.1,2025-12-29T00:17:44.036665
1025,sandip,sand,large,2,$0.05,192.168.1.1,2025-12-29T00:17:44.036457
1014,name,demo,large,1,$0.05,192.168.1.1,2025-12-29T00:17:44.036221
1009,name,demo,large,3,$0.05,192.168.1.1,2025-12-29T00:17:44.036113
1008,name,demo,small,1,$0.02,192.168.1.1,2025-12-29T00:17:44.036093
956,testuser,google-test,large,3,$0.05,192.168.1.1,2025-12-29T00:17:44.035122
937,testuser,google-test,large,3,$0.05,192.168.1.1,2025-12-29T00:17:44.034741
905,name,aC2JOu,large,2,$0.05,192.168.1.1,2025-12-29T00:17:44.033846
874,name,extension,large,3,$0.05,192.168.1.1,2025-12-29T00:17:44.033414
865,name,extension,small,3,$0.02,192.168.1.1,2025-12-29T00:17:44.033304
864,name,extension,small,3,$0.02,192.168.1.1,2025-12-29T00:17:44.033291
796,name,kkk,small,2,$0.02,192.168.1.135,2025-12-28T18:38:22.941088
777,name,kkk,small,2,$0.02,192.168.1.77,2025-12-28T18:38:22.940301
771,maahi,hisss,small,3,$0.02,192.168.1.187,2025-12-28T18:38:22.940162
759,name,aC2JOu,small,2,$0.02,192.168.1.150,2025-12-28T18:38:22.939590
651,kscs,168926,small,3,$0.02,192.168.1.93,2025-12-28T18:38:22.937973
630,name,kkk,large,1,$0.05,192.168.1.182,2025-12-28T18:38:22.937556
606,sandipp,dewe,small,3,$0.02,192.168.1.253,2025-12-28T18:38:22.936551
600,brooo,test1,small,2,$0.02,192.168.1.244,2025-12-28T18:38:22.936460
588,testuser,google-test,small,3,$0.02,192.168.1.22,2025-12-28T18:38:22.936074
584,name,kkk,large,1,$0.05,192.168.1.140,2025-12-28T18:38:22.936012
582,ku;dedee,wddwd,small,2,$0.02,192.168.1.196,2025-12-28T18:38:22.935973
499,brooo,bugfix4,small,3,$0.02,192.168.1.127,2025-12-28T18:38:22.932963
490,name,bugfix3,small,3,$0.02,192.168.1.113,2025-12-28T18:38:22.932879
463,brooo,bugfix4,small,2,$0.02,192.168.1.134,2025-12-28T18:38:22.932254
424,testuser,google-test,small,2,$0.02,192.168.1.228,2025-12-28T18:38:22.930493
396,testuser,google-test,small,2,$0.02,192.168.1.111,2025-12-28T18:38:22.929787
381,testuser,google-test,small,3,$0.02,192.168.1.155,2025-12-28T18:38:22.929024
362,testuser,google-test,small,2,$0.02,192.168.1.169,2025-12-28T18:38:22.928825
360,name,bugfix1,large,1,$0.05,192.168.1.168,2025-12-28T18:38:22.928778
352,ku;dedee,testpwd,large,1,$0.05,192.168.1.189,2025-12-28T18:38:22.928686
341,name,extension,small,3,$0.02,192.168.1.167,2025-12-28T18:38:22.928291
329,sandip,sand,small,2,$0.02,192.168.1.89,2025-12-28T18:38:22.928129
266,sandip,sand,large,1,$0.05,192.168.1.102,2025-12-28T18:38:22.926550
225,ku;dedee,testpwd,small,3,$0.02,192.168.1.90,2025-12-28T18:38:22.925798
192,kscs,168926,small,2,$0.02,192.168.1.193,2025-12-28T18:38:22.924636
190,name,aC2JOu,small,3,$0.02,192.168.1.47,2025-12-28T18:38:22.924606
165,testuser,google-test,large,1,$0.05,192.168.1.16,2025-12-28T18:38:22.923935
162,sandipp,dewe,large,1,$0.05,192.168.1.144,2025-12-28T18:38:22.923885
132,brooo,linkboxchk,large,1,$0.05,192.168.1.183,2025-12-28T18:38:22.923233
84,name,extension,small,2,$0.02,192.168.1.225,2025-12-28T18:38:22.921761
69,brooo,bugfix4,small,3,$0.02,192.168.1.178,2025-12-28T18:38:22.921545
58,name,bugfix2,small,3,$0.02,192.168.1.189,2025-12-28T18:38:22.920435
22,maahi,hisss,small,2,$0.02,192.168.1.144,2025-12-28T18:38:22.918985
989,name,demo,large,1,$0.05,192.168.1.1,2025-12-28T00:17:44.035726
966,testuser,google-test,large,3,$0.05,192.168.1.1,2025-12-28T00:17:44.035296
951,testuser,google-test,large,3,$0.05,192.168.1.1,2025-12-28T00:17:44.035026
927,name,aC2JOu,small,3,$0.02,192.168.1.1,2025-12-28T00:17:44.034552
911,name,aC2JOu,large,3,$0.05,192.168.1.1,2025-12-28T00:17:44.033927
908,name,aC2JOu,large,2,$0.05,192.168.1.1,2025-12-28T00:17:44.033883
891,name,aC2JOu,large,2,$0.05,192.168.1.1,2025-12-28T00:17:44.033625
838,ku;dedee,wddwd,small,3,$0.02,192.168.1.1,2025-12-28T00:17:44.032961
831,ku;dedee,wddwd,large,3,$0.05,192.168.1.1,2025-12-28T00:17:44.032833
805,sandipp,dewe,large,1,$0.05,192.168.1.91,2025-12-27T18:38:22.941177
769,name,extension,large,1,$0.05,192.168.1.118,2025-12-27T18:38:22.940138
768,name,extension,large,1,$0.05,192.168.1.168,2025-12-27T18:38:22.940123
752,name,bugfix2,small,2,$0.02,192.168.1.231,2025-12-27T18:38:22.939530
730,kscs,news,large,1,$0.05,192.168.1.31,2025-12-27T18:38:22.939321
717,name,bugfix2,small,2,$0.02,192.168.1.214,2025-12-27T18:38:22.938637
707,brooo,bugfix4,small,3,$0.02,192.168.1.233,2025-12-27T18:38:22.938543
681,kscs,168926,small,3,$0.02,192.168.1.154,2025-12-27T18:38:22.938290
656,brooo,bugfix4,small,3,$0.02,192.168.1.166,2025-12-27T18:38:22.938024
655,kscs,168926,small,2,$0.02,192.168.1.32,2025-12-27T18:38:22.938015
640,name,kkk,small,2,$0.02,192.168.1.84,2025-12-27T18:38:22.937675
604,name,bugfix3,small,2,$0.02,192.168.1.7,2025-12-27T18:38:22.936519
594,brooo,test1,small,3,$0.02,192.168.1.174,2025-12-27T18:38:22.936363
586,testuser,google-test,small,3,$0.02,192.168.1.212,2025-12-27T18:38:22.936042
538,sandip,sand,small,2,$0.02,192.168.1.158,2025-12-27T18:38:22.933594
409,name,bugfix3,small,2,$0.02,192.168.1.72,2025-12-27T18:38:22.930256
286,name,demo,small,3,$0.02,192.168.1.163,2025-12-27T18:38:22.927062
285,name,kkk,small,2,$0.02,192.168.1.158,2025-12-27T18:38:22.927046
232,kscs,168926,small,2,$0.02,192.168.1.3,2025-12-27T18:38:22.925882
206,testuser,google-test,large,1,$0.05,192.168.1.18,2025-12-27T18:38:22.925057
189,maahi,hisss,large,1,$0.05,192.168.1.233,2025-12-27T18:38:22.924591
185,maahi,hisss,small,3,$0.02,192.168.1.152,2025-12-27T18:38:22.924523
153,testuser,google-test,small,2,$0.02,192.168.1.2,2025-12-27T18:38:22.923641
110,brooo,bugfix4,small,3,$0.02,192.168.1.178,2025-12-27T18:38:22.922248
100,testuser,google-test,small,2,$0.02,192.168.1.10,2025-12-27T18:38:22.922107
4,sandip,sand,small,2,$0.02,192.168.1.31,2025-12-27T18:38:22.918053
1056,sandipp,dewe,small,3,$0.02,192.168.1.1,2025-12-27T00:17:44.037197
985,name,demo,large,2,$0.05,192.168.1.1,2025-12-27T00:17:44.035652
965,testuser,google-test,large,1,$0.05,192.168.1.1,2025-12-27T00:17:44.035281
877,name,extension,large,2,$0.05,192.168.1.1,2025-12-27T00:17:44.033451
842,ku;dedee,wddwd,small,2,$0.02,192.168.1.1,2025-12-27T00:17:44.033012
821,brooo,bugfix4,small,3,$0.02,192.168.1.195,2025-12-26T18:38:22.941313
803,kscs,news,small,3,$0.02,192.168.1.155,2025-12-26T18:38:22.941155
741,brooo,test1,small,3,$0.02,192.168.1.186,2025-12-26T18:38:22.939430
714,name,bugfix1,small,3,$0.02,192.168.1.149,2025-12-26T18:38:22.938608
709,testuser,google-test,small,2,$0.02,192.168.1.226,2025-12-26T18:38:22.938560
666,name,bugfix3,large,1,$0.05,192.168.1.169,2025-12-26T18:38:22.938116
665,sandipp,dewe,large,1,$0.05,192.168.1.83,2025-12-26T18:38:22.938108
659,ku;dedee,wddwd,small,2,$0.02,192.168.1.70,2025-12-26T18:38:22.938055
631,name,aC2JOu,small,2,$0.02,192.168.1.99,2025-12-26T18:38:22.937565
522,sandip,sand,large,1,$0.05,192.168.1.181,2025-12-26T18:38:22.933422
479,name,bugfix1,small,3,$0.02,192.168.1.94,2025-12-26T18:38:22.932419
452,testuser,google-test,large,1,$0.05,192.168.1.213,2025-12-26T18:38:22.931538
450,name,kkk,small,2,$0.02,192.168.1.178,2025-12-26T18:38:22.931382
449,brooo,linkboxchk,small,3,$0.02,192.168.1.246,2025-12-26T18:38:22.931364
405,sandipp,dewe,small,3,$0.02,192.168.1.7,2025-12-26T18:38:22.930077
371,name,extension,small,3,$0.02,192.168.1.44,2025-12-26T18:38:22.928929
364,sandip,sand,large,1,$0.05,192.168.1.108,2025-12-26T18:38:22.928855
357,name,bugfix1,small,3,$0.02,192.168.1.170,2025-12-26T18:38:22.928749
335,name,kkk,small,3,$0.02,192.168.1.49,2025-12-26T18:38:22.928212
332,name,extension,small,3,$0.02,192.168.1.79,2025-12-26T18:38:22.928167
292,name,aC2JOu,small,2,$0.02,192.168.1.116,2025-12-26T18:38:22.927161
251,ku;dedee,testpwd,large,1,$0.05,192.168.1.186,2025-12-26T18:38:22.926303
249,name,aC2JOu,large,1,$0.05,192.168.1.142,2025-12-26T18:38:22.926276
240,brooo,linkboxchk,small,2,$0.02,192.168.1.69,2025-12-26T18:38:22.925995
221,name,extension,small,2,$0.02,192.168.1.233,2025-12-26T18:38:22.925741
210,kscs,168926,small,3,$0.02,192.168.1.55,2025-12-26T18:38:22.925302
207,ku;dedee,wddwd,small,2,$0.02,192.168.1.129,2025-12-26T18:38:22.925158
203,name,demo,large,1,$0.05,192.168.1.228,2025-12-26T18:38:22.924958
174,kscs,168926,small,3,$0.02,192.168.1.224,2025-12-26T18:38:22.924053
167,kscs,news,small,3,$0.02,192.168.1.55,2025-12-26T18:38:22.923961
63,sandipp,dewe,large,1,$0.05,192.168.1.189,2025-12-26T18:38:22.920527
56,sandip,sand,large,1,$0.05,192.168.1.77,2025-12-26T18:38:22.920348
28,sandip,sand,small,3,$0.02,192.168.1.204,2025-12-26T18:38:22.919611
7,testuser,google-test,small,3,$0.02,192.168.1.136,2025-12-26T18:38:22.918098
1088,maahi,hisss,large,3,$0.05,192.168.1.1,2025-12-26T00:17:44.037801
1080,maahi,hisss,large,3,$0.05,192.168.1.1,2025-12-26T00:17:44.037687
1040,sandipp,dewe,large,1,$0.05,192.168.1.1,2025-12-26T00:17:44.036765
1033,sandipp,dewe,small,2,$0.02,192.168.1.1,2025-12-26T00:17:44.036622
1005,name,demo,large,3,$0.05,192.168.1.1,2025-12-26T00:17:44.036032
992,name,demo,large,3,$0.05,192.168.1.1,2025-12-26T00:17:44.035791
932,testuser,google-test,large,2,$0.05,192.168.1.1,2025-12-26T00:17:44.034647
909,name,aC2JOu,small,3,$0.02,192.168.1.1,2025-12-26T00:17:44.033895
900,name,aC2JOu,small,1,$0.02,192.168.1.1,2025-12-26T00:17:44.033784
879,name,extension,small,1,$0.02,192.168.1.1,2025-12-26T00:17:44.033475
859,ku;dedee,wddwd,large,2,$0.05,192.168.1.1,2025-12-26T00:17:44.033227
858,ku;dedee,wddwd,small,3,$0.02,192.168.1.1,2025-12-26T00:17:44.033214
813,name,bugfix3,small,3,$0.02,192.168.1.108,2025-12-25T18:38:22.941244
811,maahi,hisss,large,1,$0.05,192.168.1.68,2025-12-25T18:38:22.941226
801,name,demo,small,3,$0.02,192.168.1.215,2025-12-25T18:38:22.941138
746,sandipp,dewe,small,3,$0.02,192.168.1.51,2025-12-25T18:38:22.939479
706,name,bugfix1,small,2,$0.02,192.168.1.190,2025-12-25T18:38:22.938534
702,maahi,hisss,small,2,$0.02,192.168.1.183,2025-12-25T18:38:22.938500
699,name,bugfix1,small,2,$0.02,192.168.1.255,2025-12-25T18:38:22.938474
635,maahi,hzxasa,large,1,$0.05,192.168.1.220,2025-12-25T18:38:22.937601
607,name,bugfix2,large,1,$0.05,192.168.1.90,2025-12-25T18:38:22.936799
597,maahi,hisss,large,1,$0.05,192.168.1.171,2025-12-25T18:38:22.936406
569,kscs,news,large,1,$0.05,192.168.1.121,2025-12-25T18:38:22.935526
568,kscs,news,large,1,$0.05,192.168.1.161,2025-12-25T18:38:22.935509
508,sandip,sand,small,3,$0.02,192.168.1.225,2025-12-25T18:38:22.933188
477,name,kkk,large,1,$0.05,192.168.1.21,2025-12-25T18:38:22.932392
471,maahi,hisss,small,2,$0.02,192.168.1.125,2025-12-25T18:38:22.932334
403,name,demo,small,2,$0.02,192.168.1.2,2025-12-25T18:38:22.929882
315,name,demo,large,1,$0.05,192.168.1.112,2025-12-25T18:38:22.927533
265,ku;dedee,wddwd,small,3,$0.02,192.168.1.159,2025-12-25T18:38:22.926536
237,brooo,bugfix4,small,2,$0.02,192.168.1.124,2025-12-25T18:38:22.925948
209,ku;dedee,wddwd,small,2,$0.02,192.168.1.241,2025-12-25T18:38:22.925274
179,maahi,hzxasa,large,1,$0.05,192.168.1.118,2025-12-25T18:38:22.924155
141,kscs,168926,small,2,$0.02,192.168.1.247,2025-12-25T18:38:22.923437
136,name,aC2JOu,large,1,$0.05,192.168.1.214,2025-12-25T18:38:22.923270
91,maahi,hzxasa,small,2,$0.02,192.168.1.195,2025-12-25T18:38:22.921853
78,name,extension,small,3,$0.02,192.168.1.134,2025-12-25T18:38:22.921686
23,name,bugfix1,large,1,$0.05,192.168.1.100,2025-12-25T18:38:22.919001
13,name,demo,small,2,$0.02,192.168.1.11,2025-12-25T18:38:22.918181
1105,maahi,hzxasa,small,1,$0.02,192.168.1.1,2025-12-25T00:17:44.038025
1055,sandipp,dewe,large,3,$0.05,192.168.1.1,2025-12-25T00:17:44.037173
1052,sandipp,dewe,small,2,$0.02,192.168.1.1,2025-12-25T00:17:44.037100
1050,sandipp,dewe,large,3,$0.05,192.168.1.1,2025-12-25T00:17:44.037063
1022,sandip,sand,small,1,$0.02,192.168.1.1,2025-12-25T00:17:44.036394
977,name,demo,large,3,$0.05,192.168.1.1,2025-12-25T00:17:44.035505
936,testuser,google-test,small,1,$0.02,192.168.1.1,2025-12-25T00:17:44.034721
846,ku;dedee,wddwd,small,2,$0.02,192.168.1.1,2025-12-25T00:17:44.033066
809,sandipp,dewe,small,3,$0.02,192.168.1.226,2025-12-24T18:38:22.941210
748,brooo,test1,small,3,$0.02,192.168.1.232,2025-12-24T18:38:22.939496
716,name,bugfix1,small,2,$0.02,192.168.1.28,2025-12-24T18:38:22.938627
545,name,demo,large,1,$0.05,192.168.1.39,2025-12-24T18:38:22.934616
527,brooo,test1,small,2,$0.02,192.168.1.244,2025-12-24T18:38:22.933496
525,sandip,sand,large,1,$0.05,192.168.1.52,2025-12-24T18:38:22.933478
520,ku;dedee,wddwd,large,1,$0.05,192.168.1.74,2025-12-24T18:38:22.933395
506,sandipp,dewe,small,3,$0.02,192.168.1.195,2025-12-24T18:38:22.933033
473,kscs,168926,small,2,$0.02,192.168.1.135,2025-12-24T18:38:22.932352
465,name,kkk,small,3,$0.02,192.168.1.120,2025-12-24T18:38:22.932279
407,ku;dedee,testpwd,small,2,$0.02,192.168.1.80,2025-12-24T18:38:22.930213
384,ku;dedee,wddwd,small,2,$0.02,192.168.1.156,2025-12-24T18:38:22.929352
378,brooo,linkboxchk,large,1,$0.05,192.168.1.207,2025-12-24T18:38:22.928994
359,kscs,168926,large,1,$0.05,192.168.1.120,2025-12-24T18:38:22.928767
358,name,bugfix3,small,2,$0.02,192.168.1.228,2025-12-24T18:38:22.928758
347,name,demo,small,2,$0.02,192.168.1.216,2025-12-24T18:38:22.928624
321,ku;dedee,testpwd,large,1,$0.05,192.168.1.228,2025-12-24T18:38:22.927824
224,brooo,bugfix4,large,1,$0.05,192.168.1.109,2025-12-24T18:38:22.925784
195,brooo,linkboxchk,small,3,$0.02,192.168.1.209,2025-12-24T18:38:22.924680
163,maahi,hzxasa,large,1,$0.05,192.168.1.4,2025-12-24T18:38:22.923899
152,sandipp,dewe,small,2,$0.02,192.168.1.174,2025-12-24T18:38:22.923626
144,name,bugfix1,small,3,$0.02,192.168.1.34,2025-12-24T18:38:22.923464
142,kscs,news,large,1,$0.05,192.168.1.226,2025-12-24T18:38:22.923447
103,name,extension,small,2,$0.02,192.168.1.178,2025-12-24T18:38:22.922150
90,ku;dedee,wddwd,small,3,$0.02,192.168.1.247,2025-12-24T18:38:22.921839
1110,maahi,hzxasa,small,2,$0.02,192.168.1.1,2025-12-24T00:17:44.038086
1096,maahi,hzxasa,large,3,$0.05,192.168.1.1,2025-12-24T00:17:44.037904
1054,sandipp,dewe,large,3,$0.05,192.168.1.1,2025-12-24T00:17:44.037149
941,testuser,google-test,large,2,$0.05,192.168.1.1,2025-12-24T00:17:44.034823
914,name,aC2JOu,large,3,$0.05,192.168.1.1,2025-12-24T00:17:44.033983
888,name,aC2JOu,large,3,$0.05,192.168.1.1,2025-12-24T00:17:44.033588
885,name,aC2JOu,large,1,$0.05,192.168.1.1,2025-12-24T00:17:44.033550
869,name,extension,large,2,$0.05,192.168.1.1,2025-12-24T00:17:44.033353
866,name,extension,large,3,$0.05,192.168.1.1,2025-12-24T00:17:44.033316
837,ku;dedee,wddwd,small,3,$0.02,192.168.1.1,2025-12-24T00:17:44.032947
634,ku;dedee,wddwd,small,2,$0.02,192.168.1.64,2025-12-23T18:38:22.937591
612,testuser,google-test,small,2,$0.02,192.168.1.70,2025-12-23T18:38:22.936926
562,sandipp,dewe,small,2,$0.02,192.168.1.154,2025-12-23T18:38:22.935076
541,brooo,test1,small,2,$0.02,192.168.1.236,2025-12-23T18:38:22.934453
495,name,bugfix2,large,1,$0.05,192.168.1.17,2025-12-23T18:38:22.932928
457,ku;dedee,wddwd,large,1,$0.05,192.168.1.229,2025-12-23T18:38:22.931818
437,testuser,google-test,small,3,$0.02,192.168.1.17,2025-12-23T18:38:22.930722
408,name,bugfix3,large,1,$0.05,192.168.1.21,2025-12-23T18:38:22.930238
402,name,demo,large,1,$0.05,192.168.1.81,2025-12-23T18:38:22.929867
398,name,bugfix2,large,1,$0.05,192.168.1.53,2025-12-23T18:38:22.929812
393,sandip,sand,large,1,$0.05,192.168.1.208,2025-12-23T18:38:22.929748
374,name,aC2JOu,small,2,$0.02,192.168.1.213,2025-12-23T18:38:22.928956
283,ku;dedee,testpwd,small,2,$0.02,192.168.1.34,2025-12-23T18:38:22.927012
281,kscs,news,small,2,$0.02,192.168.1.251,2025-12-23T18:38:22.926976
260,name,extension,small,2,$0.02,192.168.1.246,2025-12-23T18:38:22.926469
236,maahi,hzxasa,small,3,$0.02,192.168.1.11,2025-12-23T18:38:22.925935
227,maahi,hzxasa,small,3,$0.02,192.168.1.54,2025-12-23T18:38:22.925827
200,brooo,bugfix4,small,2,$0.02,192.168.1.244,2025-12-23T18:38:22.924898
156,testuser,google-test,large,1,$0.05,192.168.1.183,2025-12-23T18:38:22.923789
133,name,bugfix2,small,2,$0.02,192.168.1.225,2025-12-23T18:38:22.923244
89,name,bugfix2,small,3,$0.02,192.168.1.180,2025-12-23T18:38:22.921826
85,sandipp,dewe,small,2,$0.02,192.168.1.24,2025-12-23T18:38:22.921773
54,name,demo,small,2,$0.02,192.168.1.163,2025-12-23T18:38:22.920269
1097,maahi,hzxasa,small,1,$0.02,192.168.1.1,2025-12-23T00:17:44.037917
1076,maahi,hisss,large,2,$0.05,192.168.1.1,2025-12-23T00:17:44.037635
1036,sandipp,dewe,large,1,$0.05,192.168.1.1,2025-12-23T00:17:44.036683
1018,sandip,sand,small,3,$0.02,192.168.1.1,2025-12-23T00:17:44.036307
974,name,demo,small,2,$0.02,192.168.1.1,2025-12-23T00:17:44.035451
973,name,demo,small,3,$0.02,192.168.1.1,2025-12-23T00:17:44.035431
952,testuser,google-test,small,1,$0.02,192.168.1.1,2025-12-23T00:17:44.035044
899,name,aC2JOu,small,2,$0.02,192.168.1.1,2025-12-23T00:17:44.033772
871,name,extension,small,1,$0.02,192.168.1.1,2025-12-23T00:17:44.033377
853,ku;dedee,wddwd,small,2,$0.02,192.168.1.1,2025-12-23T00:17:44.033152
798,name,kkk,small,2,$0.02,192.168.1.196,2025-12-22T18:38:22.941106
793,maahi,hzxasa,small,2,$0.02,192.168.1.184,2025-12-22T18:38:22.941061
761,ku;dedee,wddwd,large,1,$0.05,192.168.1.42,2025-12-22T18:38:22.939608
755,maahi,hzxasa,small,3,$0.02,192.168.1.166,2025-12-22T18:38:22.939556
731,kscs,168926,small,3,$0.02,192.168.1.41,2025-12-22T18:38:22.939335
695,name,aC2JOu,large,1,$0.05,192.168.1.179,2025-12-22T18:38:22.938438
610,name,bugfix2,small,3,$0.02,192.168.1.203,2025-12-22T18:38:22.936897
555,sandipp,dewe,large,1,$0.05,192.168.1.64,2025-12-22T18:38:22.934942
544,testuser,google-test,small,3,$0.02,192.168.1.220,2025-12-22T18:38:22.934600
501,brooo,linkboxchk,small,3,$0.02,192.168.1.144,2025-12-22T18:38:22.932986
493,name,bugfix3,large,1,$0.05,192.168.1.166,2025-12-22T18:38:22.932910
459,name,kkk,small,2,$0.02,192.168.1.216,2025-12-22T18:38:22.932101
448,name,bugfix2,small,2,$0.02,192.168.1.89,2025-12-22T18:38:22.931351
401,testuser,google-test,large,1,$0.05,192.168.1.117,2025-12-22T18:38:22.929850
330,kscs,news,large,1,$0.05,192.168.1.227,2025-12-22T18:38:22.928141
255,name,aC2JOu,large,1,$0.05,192.168.1.240,2025-12-22T18:38:22.926363
59,ku;dedee,testpwd,small,3,$0.02,192.168.1.94,2025-12-22T18:38:22.920449
57,sandipp,dewe,small,3,$0.02,192.168.1.105,2025-12-22T18:38:22.920415
53,sandipp,dewe,large,1,$0.05,192.168.1.149,2025-12-22T18:38:22.920257
10,name,demo,small,3,$0.02,192.168.1.40,2025-12-22T18:38:22.918138
1095,maahi,hzxasa,small,3,$0.02,192.168.1.1,2025-12-22T00:17:44.037891
1082,maahi,hisss,small,1,$0.02,192.168.1.1,2025-12-22T00:17:44.037721
1063,sandipp,dewe,large,2,$0.05,192.168.1.1,2025-12-22T00:17:44.037347
1049,sandipp,dewe,small,1,$0.02,192.168.1.1,2025-12-22T00:17:44.037045
1047,sandipp,dewe,large,1,$0.05,192.168.1.1,2025-12-22T00:17:44.037003
957,testuser,google-test,large,1,$0.05,192.168.1.1,2025-12-22T00:17:44.035141
913,name,aC2JOu,small,2,$0.02,192.168.1.1,2025-12-22T00:17:44.033965
906,name,aC2JOu,small,2,$0.02,192.168.1.1,2025-12-22T00:17:44.033859
886,name,aC2JOu,large,2,$0.05,192.168.1.1,2025-12-22T00:17:44.033562
812,name,kkk,small,2,$0.02,192.168.1.38,2025-12-21T18:38:22.941235
775,sandipp,dewe,small,2,$0.02,192.168.1.39,2025-12-21T18:38:22.940215
738,name,bugfix3,small,3,$0.02,192.168.1.112,2025-12-21T18:38:22.939400
736,brooo,test1,large,1,$0.05,192.168.1.106,2025-12-21T18:38:22.939381
728,sandip,sand,large,1,$0.05,192.168.1.190,2025-12-21T18:38:22.938953
726,kscs,news,small,2,$0.02,192.168.1.39,2025-12-21T18:38:22.938720
680,name,aC2JOu,small,3,$0.02,192.168.1.214,2025-12-21T18:38:22.938279
540,name,kkk,small,3,$0.02,192.168.1.187,2025-12-21T18:38:22.934059
533,sandipp,dewe,large,1,$0.05,192.168.1.231,2025-12-21T18:38:22.933549
481,brooo,bugfix4,small,3,$0.02,192.168.1.228,2025-12-21T18:38:22.932446
469,ku;dedee,testpwd,small,3,$0.02,192.168.1.131,2025-12-21T18:38:22.932316
427,sandip,sand,small,3,$0.02,192.168.1.93,2025-12-21T18:38:22.930531
415,name,bugfix3,small,3,$0.02,192.168.1.29,2025-12-21T18:38:22.930354
373,name,demo,small,2,$0.02,192.168.1.42,2025-12-21T18:38:22.928947
365,kscs,168926,large,1,$0.05,192.168.1.3,2025-12-21T18:38:22.928868
342,kscs,news,small,3,$0.02,192.168.1.29,2025-12-21T18:38:22.928306
337,brooo,bugfix4,small,2,$0.02,192.168.1.102,2025-12-21T18:38:22.928237
313,sandip,sand,large,1,$0.05,192.168.1.243,2025-12-21T18:38:22.927504
304,maahi,hisss,small,2,$0.02,192.168.1.74,2025-12-21T18:38:22.927366
297,brooo,test1,large,1,$0.05,192.168.1.107,2025-12-21T18:38:22.927244
246,maahi,hzxasa,small,2,$0.02,192.168.1.10,2025-12-21T18:38:22.926223
211,brooo,linkboxchk,small,3,$0.02,192.168.1.90,2025-12-21T18:38:22.925328
183,sandipp,dewe,small,2,$0.02,192.168.1.80,2025-12-21T18:38:22.924237
127,name,bugfix1,small,2,$0.02,192.168.1.46,2025-12-21T18:38:22.923049
86,brooo,bugfix4,small,3,$0.02,192.168.1.58,2025-12-21T18:38:22.921785
66,brooo,linkboxchk,small,3,$0.02,192.168.1.232,2025-12-21T18:38:22.921473
1092,maahi,hzxasa,large,3,$0.05,192.168.1.1,2025-12-21T00:17:44.037853
1072,maahi,hisss,small,2,$0.02,192.168.1.1,2025-12-21T00:17:44.037553
1064,sandipp,dewe,large,2,$0.05,192.168.1.1,2025-12-21T00:17:44.037393
1039,sandipp,dewe,small,3,$0.02,192.168.1.1,2025-12-21T00:17:44.036743
988,name,demo,large,1,$0.05,192.168.1.1,2025-12-21T00:17:44.035706
987,name,demo,small,1,$0.02,192.168.1.1,2025-12-21T00:17:44.035687
979,name,demo,large,1,$0.05,192.168.1.1,2025-12-21T00:17:44.035531
971,name,demo,large,2,$0.05,192.168.1.1,2025-12-21T00:17:44.035392
920,name,aC2JOu,large,1,$0.05,192.168.1.1,2025-12-21T00:17:44.034409
894,name,aC2JOu,large,1,$0.05,192.168.1.1,2025-12-21T00:17:44.033706
889,name,aC2JOu,small,3,$0.02,192.168.1.1,2025-12-21T00:17:44.033600
856,ku;dedee,wddwd,small,1,$0.02,192.168.1.1,2025-12-21T00:17:44.033190
828,ku;dedee,wddwd,small,2,$0.02,192.168.1.1,2025-12-21T00:17:44.032794
783,ku;dedee,wddwd,small,3,$0.02,192.168.1.169,2025-12-20T18:38:22.940374
772,ku;dedee,wddwd,small,2,$0.02,192.168.1.120,2025-12-20T18:38:22.940174
740,kscs,168926,small,3,$0.02,192.168.1.209,2025-12-20T18:38:22.939419
729,brooo,linkboxchk,small,2,$0.02,192.168.1.227,2025-12-20T18:38:22.939227
712,name,bugfix1,small,2,$0.02,192.168.1.244,2025-12-20T18:38:22.938591
682,kscs,168926,small,2,$0.02,192.168.1.159,2025-12-20T18:38:22.938299
668,ku;dedee,testpwd,large,1,$0.05,192.168.1.159,2025-12-20T18:38:22.938136
653,name,bugfix3,small,2,$0.02,192.168.1.55,2025-12-20T18:38:22.937997
595,sandip,sand,large,1,$0.05,192.168.1.4,2025-12-20T18:38:22.936378
583,sandip,sand,small,3,$0.02,192.168.1.102,2025-12-20T18:38:22.935995
572,brooo,test1,small,3,$0.02,192.168.1.141,2025-12-20T18:38:22.935571
549,sandipp,dewe,large,1,$0.05,192.168.1.24,2025-12-20T18:38:22.934681
441,kscs,news,large,1,$0.05,192.168.1.244,2025-12-20T18:38:22.931025
412,sandip,sand,large,1,$0.05,192.168.1.87,2025-12-20T18:38:22.930312
406,testuser,google-test,small,2,$0.02,192.168.1.21,2025-12-20T18:38:22.930185
338,kscs,news,small,2,$0.02,192.168.1.198,2025-12-20T18:38:22.928251
213,brooo,test1,large,1,$0.05,192.168.1.62,2025-12-20T18:38:22.925378
208,sandip,sand,small,2,$0.02,192.168.1.51,2025-12-20T18:38:22.925238
73,maahi,hisss,large,1,$0.05,192.168.1.103,2025-12-20T18:38:22.921612
42,testuser,google-test,large,1,$0.05,192.168.1.103,2025-12-20T18:38:22.919946
1081,maahi,hisss,small,3,$0.02,192.168.1.1,2025-12-20T00:17:44.037708
1057,sandipp,dewe,small,3,$0.02,192.168.1.1,2025-12-20T00:17:44.037219
1012,name,demo,large,3,$0.05,192.168.1.1,2025-12-20T00:17:44.036176
1003,name,demo,small,1,$0.02,192.168.1.1,2025-12-20T00:17:44.035993
954,testuser,google-test,small,2,$0.02,192.168.1.1,2025-12-20T00:17:44.035082
945,testuser,google-test,small,2,$0.02,192.168.1.1,2025-12-20T00:17:44.034899
929,testuser,google-test,small,2,$0.02,192.168.1.1,2025-12-20T00:17:44.034595
855,ku;dedee,wddwd,large,3,$0.05,192.168.1.1,2025-12-20T00:17:44.033177
843,ku;dedee,wddwd,large,1,$0.05,192.168.1.1,2025-12-20T00:17:44.033027
817,maahi,hzxasa,small,2,$0.02,192.168.1.156,2025-12-19T18:38:22.941279
621,brooo,bugfix4,large,1,$0.05,192.168.1.25,2025-12-19T18:38:22.937477
590,testuser,google-test,large,1,$0.05,192.168.1.96,2025-12-19T18:38:22.936284
547,brooo,linkboxchk,large,1,$0.05,192.168.1.110,2025-12-19T18:38:22.934647
539,name,kkk,small,3,$0.02,192.168.1.82,2025-12-19T18:38:22.934014
530,testuser,google-test,large,1,$0.05,192.168.1.174,2025-12-19T18:38:22.933523
517,testuser,google-test,small,3,$0.02,192.168.1.98,2025-12-19T18:38:22.933351
510,name,bugfix2,large,1,$0.05,192.168.1.169,2025-12-19T18:38:22.933232
504,ku;dedee,wddwd,large,1,$0.05,192.168.1.183,2025-12-19T18:38:22.933012
500,kscs,168926,small,3,$0.02,192.168.1.42,2025-12-19T18:38:22.932976
458,maahi,hzxasa,small,2,$0.02,192.168.1.16,2025-12-19T18:38:22.932025
443,name,bugfix3,small,3,$0.02,192.168.1.7,2025-12-19T18:38:22.931234
394,name,bugfix2,large,1,$0.05,192.168.1.150,2025-12-19T18:38:22.929760
391,maahi,hzxasa,large,1,$0.05,192.168.1.150,2025-12-19T18:38:22.929715
380,name,demo,small,2,$0.02,192.168.1.152,2025-12-19T18:38:22.929010
327,name,kkk,small,3,$0.02,192.168.1.181,2025-12-19T18:38:22.928076
325,sandipp,dewe,small,2,$0.02,192.168.1.6,2025-12-19T18:38:22.928050
305,ku;dedee,testpwd,large,1,$0.05,192.168.1.153,2025-12-19T18:38:22.927382
273,ku;dedee,wddwd,large,1,$0.05,192.168.1.29,2025-12-19T18:38:22.926651
247,testuser,google-test,large,1,$0.05,192.168.1.103,2025-12-19T18:38:22.926249
186,name,demo,small,2,$0.02,192.168.1.103,2025-12-19T18:38:22.924541
129,name,bugfix2,small,2,$0.02,192.168.1.198,2025-12-19T18:38:22.923170
126,brooo,test1,large,1,$0.05,192.168.1.85,2025-12-19T18:38:22.923036
1109,maahi,hzxasa,small,3,$0.02,192.168.1.1,2025-12-19T00:17:44.038074
1103,maahi,hzxasa,large,2,$0.05,192.168.1.1,2025-12-19T00:17:44.037998
1071,maahi,hisss,small,3,$0.02,192.168.1.1,2025-12-19T00:17:44.037531
1069,maahi,hisss,small,2,$0.02,192.168.1.1,2025-12-19T00:17:44.037491
998,name,demo,small,1,$0.02,192.168.1.1,2025-12-19T00:17:44.035904
907,name,aC2JOu,large,2,$0.05,192.168.1.1,2025-12-19T00:17:44.033871
890,name,aC2JOu,small,3,$0.02,192.168.1.1,2025-12-19T00:17:44.033613
854,ku;dedee,wddwd,small,2,$0.02,192.168.1.1,2025-12-19T00:17:44.033165
833,ku;dedee,wddwd,small,3,$0.02,192.168.1.1,2025-12-19T00:17:44.032857
829,ku;dedee,wddwd,small,3,$0.02,192.168.1.1,2025-12-19T00:17:44.032808
684,maahi,hzxasa,small,3,$0.02,192.168.1.126,2025-12-18T18:38:22.938316
670,kscs,168926,small,3,$0.02,192.168.1.204,2025-12-18T18:38:22.938157
664,brooo,test1,small,3,$0.02,192.168.1.44,2025-12-18T18:38:22.938099
627,ku;dedee,testpwd,small,2,$0.02,192.168.1.188,2025-12-18T18:38:22.937529
616,brooo,bugfix4,large,1,$0.05,192.168.1.102,2025-12-18T18:38:22.937165
596,maahi,hzxasa,small,3,$0.02,192.168.1.127,2025-12-18T18:38:22.936391
548,sandip,sand,small,2,$0.02,192.168.1.46,2025-12-18T18:38:22.934663
534,testuser,google-test,large,1,$0.05,192.168.1.97,2025-12-18T18:38:22.933558
514,sandip,sand,small,3,$0.02,192.168.1.105,2025-12-18T18:38:22.933275
456,ku;dedee,testpwd,small,2,$0.02,192.168.1.175,2025-12-18T18:38:22.931603
451,name,bugfix1,small,2,$0.02,192.168.1.157,2025-12-18T18:38:22.931514
447,ku;dedee,wddwd,small,3,$0.02,192.168.1.241,2025-12-18T18:38:22.931334
351,ku;dedee,testpwd,small,3,$0.02,192.168.1.46,2025-12-18T18:38:22.928672
319,name,bugfix1,small,2,$0.02,192.168.1.115,2025-12-18T18:38:22.927592
288,name,demo,large,1,$0.05,192.168.1.235,2025-12-18T18:38:22.927092
263,maahi,hzxasa,small,3,$0.02,192.168.1.2,2025-12-18T18:38:22.926508
258,name,bugfix3,large,1,$0.05,192.168.1.25,2025-12-18T18:38:22.926442
219,kscs,168926,large,1,$0.05,192.168.1.251,2025-12-18T18:38:22.925527
184,maahi,hzxasa,large,1,$0.05,192.168.1.4,2025-12-18T18:38:22.924478
134,brooo,linkboxchk,small,3,$0.02,192.168.1.243,2025-12-18T18:38:22.923253
128,name,aC2JOu,small,2,$0.02,192.168.1.12,2025-12-18T18:38:22.923062
115,ku;dedee,testpwd,small,2,$0.02,192.168.1.215,2025-12-18T18:38:22.922319
108,name,bugfix3,small,3,$0.02,192.168.1.47,2025-12-18T18:38:22.922222
102,name,bugfix2,small,3,$0.02,192.168.1.254,2025-12-18T18:38:22.922136
101,brooo,linkboxchk,small,3,$0.02,192.168.1.130,2025-12-18T18:38:22.922121
75,maahi,hzxasa,large,1,$0.05,192.168.1.205,2025-12-18T18:38:22.921645
27,sandip,sand,large,1,$0.05,192.168.1.213,2025-12-18T18:38:22.919594
16,brooo,linkboxchk,small,3,$0.02,192.168.1.198,2025-12-18T18:38:22.918739
12,kscs,168926,small,2,$0.02,192.168.1.185,2025-12-18T18:38:22.918166
1044,sandipp,dewe,small,2,$0.02,192.168.1.1,2025-12-18T00:17:44.036853
1021,sandip,sand,small,2,$0.02,192.168.1.1,2025-12-18T00:17:44.036374
1004,name,demo,small,1,$0.02,192.168.1.1,2025-12-18T00:17:44.036012
1001,name,demo,small,1,$0.02,192.168.1.1,2025-12-18T00:17:44.035956
982,name,demo,small,3,$0.02,192.168.1.1,2025-12-18T00:17:44.035609
923,name,aC2JOu,small,3,$0.02,192.168.1.1,2025-12-18T00:17:44.034471
904,name,aC2JOu,small,2,$0.02,192.168.1.1,2025-12-18T00:17:44.033833
816,name,extension,small,2,$0.02,192.168.1.182,2025-12-17T18:38:22.941270
814,maahi,hzxasa,large,1,$0.05,192.168.1.90,2025-12-17T18:38:22.941252
762,name,extension,small,2,$0.02,192.168.1.166,2025-12-17T18:38:22.939616
704,maahi,hisss,large,1,$0.05,192.168.1.236,2025-12-17T18:38:22.938517
700,name,bugfix2,large,1,$0.05,192.168.1.72,2025-12-17T18:38:22.938483
614,kscs,168926,small,2,$0.02,192.168.1.141,2025-12-17T18:38:22.937143
613,sandip,sand,small,3,$0.02,192.168.1.136,2025-12-17T18:38:22.937099
580,name,bugfix3,small,2,$0.02,192.168.1.234,2025-12-17T18:38:22.935704
519,brooo,linkboxchk,large,1,$0.05,192.168.1.199,2025-12-17T18:38:22.933379
436,name,kkk,small,2,$0.02,192.168.1.197,2025-12-17T18:38:22.930659
431,name,extension,small,2,$0.02,192.168.1.59,2025-12-17T18:38:22.930588
388,name,bugfix2,small,3,$0.02,192.168.1.55,2025-12-17T18:38:22.929638
355,kscs,news,small,2,$0.02,192.168.1.161,2025-12-17T18:38:22.928731
343,maahi,hzxasa,small,2,$0.02,192.168.1.86,2025-12-17T18:38:22.928319
314,name,extension,small,3,$0.02,192.168.1.20,2025-12-17T18:38:22.927518
307,ku;dedee,testpwd,small,2,$0.02,192.168.1.34,2025-12-17T18:38:22.927414
302,maahi,hzxasa,small,2,$0.02,192.168.1.235,2025-12-17T18:38:22.927335
296,testuser,google-test,small,2,$0.02,192.168.1.32,2025-12-17T18:38:22.927222
268,kscs,168926,large,1,$0.05,192.168.1.43,2025-12-17T18:38:22.926577
264,kscs,news,small,3,$0.02,192.168.1.49,2025-12-17T18:38:22.926522
205,sandipp,dewe,small,3,$0.02,192.168.1.121,2025-12-17T18:38:22.925033
194,kscs,168926,large,1,$0.05,192.168.1.60,2025-12-17T18:38:22.924666
143,name,bugfix3,small,2,$0.02,192.168.1.144,2025-12-17T18:38:22.923455
68,name,bugfix2,large,1,$0.05,192.168.1.252,2025-12-17T18:38:22.921515
26,name,aC2JOu,small,3,$0.02,192.168.1.195,2025-12-17T18:38:22.919552
21,ku;dedee,wddwd,large,1,$0.05,192.168.1.239,2025-12-17T18:38:22.918957
15,ku;dedee,testpwd,large,1,$0.05,192.168.1.35,2025-12-17T18:38:22.918696
1091,maahi,hzxasa,large,1,$0.05,192.168.1.1,2025-12-17T00:17:44.037842
1089,maahi,hisss,large,2,$0.05,192.168.1.1,2025-12-17T00:17:44.037814
984,name,demo,small,2,$0.02,192.168.1.1,2025-12-17T00:17:44.035633
949,testuser,google-test,small,1,$0.02,192.168.1.1,2025-12-17T00:17:44.034977
933,testuser,google-test,large,1,$0.05,192.168.1.1,2025-12-17T00:17:44.034664
925,name,aC2JOu,small,3,$0.02,192.168.1.1,2025-12-17T00:17:44.034513
919,name,aC2JOu,small,1,$0.02,192.168.1.1,2025-12-17T00:17:44.034370
873,name,extension,large,3,$0.05,192.168.1.1,2025-12-17T00:17:44.033402
804,name,bugfix2,small,3,$0.02,192.168.1.9,2025-12-16T18:38:22.941166
786,sandipp,dewe,large,1,$0.05,192.168.1.114,2025-12-16T18:38:22.940477
708,brooo,bugfix4,small,2,$0.02,192.168.1.152,2025-12-16T18:38:22.938552
694,testuser,google-test,small,2,$0.02,192.168.1.173,2025-12-16T18:38:22.938429
636,kscs,168926,small,2,$0.02,192.168.1.104,2025-12-16T18:38:22.937622
633,name,demo,large,1,$0.05,192.168.1.72,2025-12-16T18:38:22.937583
618,sandip,sand,small,3,$0.02,192.168.1.210,2025-12-16T18:38:22.937182
602,testuser,google-test,small,2,$0.02,192.168.1.145,2025-12-16T18:38:22.936488
599,brooo,bugfix4,small,2,$0.02,192.168.1.21,2025-12-16T18:38:22.936444
551,ku;dedee,wddwd,large,1,$0.05,192.168.1.76,2025-12-16T18:38:22.934826
498,name,extension,small,3,$0.02,192.168.1.11,2025-12-16T18:38:22.932955
462,name,aC2JOu,small,2,$0.02,192.168.1.118,2025-12-16T18:38:22.932240
426,kscs,168926,large,1,$0.05,192.168.1.140,2025-12-16T18:38:22.930519
383,maahi,hzxasa,small,3,$0.02,192.168.1.166,2025-12-16T18:38:22.929331
334,brooo,bugfix4,small,2,$0.02,192.168.1.112,2025-12-16T18:38:22.928199
295,name,demo,small,2,$0.02,192.168.1.84,2025-12-16T18:38:22.927205
248,brooo,bugfix4,small,3,$0.02,192.168.1.232,2025-12-16T18:38:22.926263
241,sandipp,dewe,small,3,$0.02,192.168.1.169,2025-12-16T18:38:22.926014
229,name,aC2JOu,small,3,$0.02,192.168.1.168,2025-12-16T18:38:22.925846
198,maahi,hisss,small,2,$0.02,192.168.1.73,2025-12-16T18:38:22.924725
169,sandipp,dewe,small,3,$0.02,192.168.1.206,2025-12-16T18:38:22.923987
151,testuser,google-test,large,1,$0.05,192.168.1.82,2025-12-16T18:38:22.923612
135,name,demo,small,2,$0.02,192.168.1.135,2025-12-16T18:38:22.923262
88,name,aC2JOu,small,2,$0.02,192.168.1.30,2025-12-16T18:38:22.921814
47,name,bugfix2,small,3,$0.02,192.168.1.253,2025-12-16T18:38:22.920018
46,name,bugfix2,large,1,$0.05,192.168.1.55,2025-12-16T18:38:22.920006
36,brooo,bugfix4,small,3,$0.02,192.168.1.64,2025-12-16T18:38:22.919785
25,name,demo,small,2,$0.02,192.168.1.11,2025-12-16T18:38:22.919029
1011,name,demo,large,1,$0.05,192.168.1.1,2025-12-16T00:17:44.036157
999,name,demo,small,3,$0.02,192.168.1.1,2025-12-16T00:17:44.035917
997,name,demo,small,3,$0.02,192.168.1.1,2025-12-16T00:17:44.035892
934,testuser,google-test,large,2,$0.05,192.168.1.1,2025-12-16T00:17:44.034683
922,name,aC2JOu,large,1,$0.05,192.168.1.1,2025-12-16T00:17:44.034451
915,name,aC2JOu,large,3,$0.05,192.168.1.1,2025-12-16T00:17:44.034004
883,name,aC2JOu,small,2,$0.02,192.168.1.1,2025-12-16T00:17:44.033525
878,name,extension,large,1,$0.05,192.168.1.1,2025-12-16T00:17:44.033463
839,ku;dedee,wddwd,small,1,$0.02,192.168.1.1,2025-12-16T00:17:44.032974
773,sandipp,dewe,small,2,$0.02,192.168.1.49,2025-12-15T18:38:22.940187
754,name,demo,large,1,$0.05,192.168.1.12,2025-12-15T18:38:22.939548
747,brooo,linkboxchk,small,3,$0.02,192.168.1.200,2025-12-15T18:38:22.939487
745,sandip,sand,small,3,$0.02,192.168.1.11,2025-12-15T18:38:22.939470
739,maahi,hzxasa,large,1,$0.05,192.168.1.178,2025-12-15T18:38:22.939410
722,name,demo,small,3,$0.02,192.168.1.144,2025-12-15T18:38:22.938683
715,brooo,bugfix4,large,1,$0.05,192.168.1.88,2025-12-15T18:38:22.938619
692,ku;dedee,wddwd,small,3,$0.02,192.168.1.217,2025-12-15T18:38:22.938408
691,name,bugfix1,small,2,$0.02,192.168.1.233,2025-12-15T18:38:22.938400
647,sandipp,dewe,small,2,$0.02,192.168.1.226,2025-12-15T18:38:22.937921
579,ku;dedee,testpwd,small,2,$0.02,192.168.1.69,2025-12-15T18:38:22.935688
570,name,bugfix3,small,2,$0.02,192.168.1.229,2025-12-15T18:38:22.935542
567,name,bugfix3,small,3,$0.02,192.168.1.236,2025-12-15T18:38:22.935425
559,name,bugfix1,small,2,$0.02,192.168.1.235,2025-12-15T18:38:22.934996
554,kscs,168926,large,1,$0.05,192.168.1.210,2025-12-15T18:38:22.934909
496,kscs,news,small,3,$0.02,192.168.1.251,2025-12-15T18:38:22.932936
416,sandip,sand,large,1,$0.05,192.168.1.120,2025-12-15T18:38:22.930372
256,sandip,sand,small,3,$0.02,192.168.1.194,2025-12-15T18:38:22.926407
233,maahi,hisss,large,1,$0.05,192.168.1.222,2025-12-15T18:38:22.925896
214,brooo,test1,small,2,$0.02,192.168.1.53,2025-12-15T18:38:22.925402
72,maahi,hzxasa,small,2,$0.02,192.168.1.63,2025-12-15T18:38:22.921591
17,maahi,hisss,small,3,$0.02,192.168.1.41,2025-12-15T18:38:22.918788
9,sandipp,dewe,small,3,$0.02,192.168.1.95,2025-12-15T18:38:22.918125
2,kscs,168926,small,3,$0.02,192.168.1.198,2025-12-15T18:38:22.917943
1094,maahi,hzxasa,small,1,$0.02,192.168.1.1,2025-12-15T00:17:44.037878
1093,maahi,hzxasa,large,3,$0.05,192.168.1.1,2025-12-15T00:17:44.037866
1083,maahi,hisss,large,2,$0.05,192.168.1.1,2025-12-15T00:17:44.037734
1077,maahi,hisss,large,3,$0.05,192.168.1.1,2025-12-15T00:17:44.037648
1032,sandipp,dewe,small,3,$0.02,192.168.1.1,2025-12-15T00:17:44.036603
946,testuser,google-test,small,2,$0.02,192.168.1.1,2025-12-15T00:17:44.034917
942,testuser,google-test,large,2,$0.05,192.168.1.1,2025-12-15T00:17:44.034841
924,name,aC2JOu,large,2,$0.05,192.168.1.1,2025-12-15T00:17:44.034493
893,name,aC2JOu,large,1,$0.05,192.168.1.1,2025-12-15T00:17:44.033691
827,ku;dedee,wddwd,small,1,$0.02,192.168.1.1,2025-12-15T00:17:44.032775
779,brooo,bugfix4,small,2,$0.02,192.168.1.238,2025-12-14T18:38:22.940326
757,name,bugfix2,small,2,$0.02,192.168.1.142,2025-12-14T18:38:22.939573
676,kscs,168926,small,3,$0.02,192.168.1.215,2025-12-14T18:38:22.938243
652,name,aC2JOu,small,2,$0.02,192.168.1.160,2025-12-14T18:38:22.937987
645,name,aC2JOu,small,2,$0.02,192.168.1.222,2025-12-14T18:38:22.937901
637,name,kkk,large,1,$0.05,192.168.1.49,2025-12-14T18:38:22.937637
625,name,demo,small,3,$0.02,192.168.1.168,2025-12-14T18:38:22.937513
593,maahi,hisss,large,1,$0.05,192.168.1.25,2025-12-14T18:38:22.936350
587,name,kkk,large,1,$0.05,192.168.1.1,2025-12-14T18:38:22.936058
574,kscs,news,small,2,$0.02,192.168.1.57,2025-12-14T18:38:22.935601
556,name,aC2JOu,large,1,$0.05,192.168.1.35,2025-12-14T18:38:22.934954
494,kscs,168926,small,3,$0.02,192.168.1.242,2025-12-14T18:38:22.932919
486,kscs,news,small,3,$0.02,192.168.1.204,2025-12-14T18:38:22.932774
472,name,demo,small,2,$0.02,192.168.1.175,2025-12-14T18:38:22.932342
289,brooo,test1,small,2,$0.02,192.168.1.143,2025-12-14T18:38:22.927115
261,name,kkk,large,1,$0.05,192.168.1.68,2025-12-14T18:38:22.926482
216,kscs,168926,large,1,$0.05,192.168.1.56,2025-12-14T18:38:22.925453
196,brooo,linkboxchk,large,1,$0.05,192.168.1.35,2025-12-14T18:38:22.924693
187,brooo,linkboxchk,small,3,$0.02,192.168.1.153,2025-12-14T18:38:22.924558
159,sandipp,dewe,large,1,$0.05,192.168.1.165,2025-12-14T18:38:22.923843
122,name,bugfix2,small,3,$0.02,192.168.1.186,2025-12-14T18:38:22.922733
92,brooo,test1,large,1,$0.05,192.168.1.108,2025-12-14T18:38:22.921865
83,name,demo,small,2,$0.02,192.168.1.149,2025-12-14T18:38:22.921750
67,name,bugfix1,small,2,$0.02,192.168.1.142,2025-12-14T18:38:22.921500
64,brooo,test1,small,3,$0.02,192.168.1.124,2025-12-14T18:38:22.921061
20,ku;dedee,testpwd,large,1,$0.05,192.168.1.59,2025-12-14T18:38:22.918828
1112,maahi,hzxasa,small,3,$0.02,192.168.1.1,2025-12-14T00:17:44.038110
1101,maahi,hzxasa,small,3,$0.02,192.168.1.1,2025-12-14T00:17:44.037970
1098,maahi,hzxasa,large,3,$0.05,192.168.1.1,2025-12-14T00:17:44.037930
1045,sandipp,dewe,large,3,$0.05,192.168.1.1,2025-12-14T00:17:44.036924
996,name,demo,large,1,$0.05,192.168.1.1,2025-12-14T00:17:44.035878
994,name,demo,small,3,$0.02,192.168.1.1,2025-12-14T00:17:44.035830
990,name,demo,large,2,$0.05,192.168.1.1,2025-12-14T00:17:44.035747
959,testuser,google-test,large,3,$0.05,192.168.1.1,2025-12-14T00:17:44.035200
953,testuser,google-test,large,3,$0.05,192.168.1.1,2025-12-14T00:17:44.035064
947,testuser,google-test,small,1,$0.02,192.168.1.1,2025-12-14T00:17:44.034936
844,ku;dedee,wddwd,small,3,$0.02,192.168.1.1,2025-12-14T00:17:44.033040
696,testuser,google-test,small,2,$0.02,192.168.1.150,2025-12-13T18:38:22.938447
678,kscs,168926,small,2,$0.02,192.168.1.250,2025-12-13T18:38:22.938261
669,name,bugfix1,small,2,$0.02,192.168.1.78,2025-12-13T18:38:22.938148
638,brooo,bugfix4,small,2,$0.02,192.168.1.219,2025-12-13T18:38:22.937650
632,testuser,google-test,small,3,$0.02,192.168.1.22,2025-12-13T18:38:22.937574
608,name,aC2JOu,large,1,$0.05,192.168.1.115,2025-12-13T18:38:22.936854
505,brooo,test1,large,1,$0.05,192.168.1.72,2025-12-13T18:38:22.933024
474,name,bugfix3,large,1,$0.05,192.168.1.175,2025-12-13T18:38:22.932361
466,name,bugfix2,small,3,$0.02,192.168.1.51,2025-12-13T18:38:22.932289
444,brooo,test1,large,1,$0.05,192.168.1.40,2025-12-13T18:38:22.931286
400,maahi,hisss,small,2,$0.02,192.168.1.136,2025-12-13T18:38:22.929837
344,name,aC2JOu,small,2,$0.02,192.168.1.214,2025-12-13T18:38:22.928476
312,maahi,hzxasa,small,2,$0.02,192.168.1.18,2025-12-13T18:38:22.927490
250,brooo,test1,small,2,$0.02,192.168.1.117,2025-12-13T18:38:22.926290
138,kscs,news,small,2,$0.02,192.168.1.233,2025-12-13T18:38:22.923400
34,name,extension,small,3,$0.02,192.168.1.125,2025-12-13T18:38:22.919753
1073,maahi,hisss,small,1,$0.02,192.168.1.1,2025-12-13T00:17:44.037567
1051,sandipp,dewe,small,2,$0.02,192.168.1.1,2025-12-13T00:17:44.037082
960,testuser,google-test,small,2,$0.02,192.168.1.1,2025-12-13T00:17:44.035218
918,name,aC2JOu,small,1,$0.02,192.168.1.1,2025-12-13T00:17:44.034176
897,name,aC2JOu,small,2,$0.02,192.168.1.1,2025-12-13T00:17:44.033744
880,name,aC2JOu,large,2,$0.05,192.168.1.1,2025-12-13T00:17:44.033488
860,ku;dedee,wddwd,small,3,$0.02,192.168.1.1,2025-12-13T00:17:44.033239
763,maahi,hzxasa,large,1,$0.05,192.168.1.2,2025-12-12T18:38:22.939625
719,name,extension,small,2,$0.02,192.168.1.225,2025-12-12T18:38:22.938655
643,maahi,hisss,small,2,$0.02,192.168.1.17,2025-12-12T18:38:22.937841
628,maahi,hisss,small,3,$0.02,192.168.1.236,2025-12-12T18:38:22.937539
623,brooo,linkboxchk,small,3,$0.02,192.168.1.56,2025-12-12T18:38:22.937495
619,name,bugfix2,large,1,$0.05,192.168.1.65,2025-12-12T18:38:22.937419
581,name,bugfix3,small,2,$0.02,192.168.1.248,2025-12-12T18:38:22.935899
552,kscs,168926,small,3,$0.02,192.168.1.193,2025-12-12T18:38:22.934865
509,ku;dedee,wddwd,small,2,$0.02,192.168.1.25,2025-12-12T18:38:22.933218
483,name,extension,small,3,$0.02,192.168.1.27,2025-12-12T18:38:22.932467
461,maahi,hisss,small,3,$0.02,192.168.1.96,2025-12-12T18:38:22.932224
442,brooo,bugfix4,small,2,$0.02,192.168.1.144,2025-12-12T18:38:22.931047
417,brooo,linkboxchk,large,1,$0.05,192.168.1.81,2025-12-12T18:38:22.930392
413,name,kkk,large,1,$0.05,192.168.1.177,2025-12-12T18:38:22.930328
410,sandipp,dewe,small,2,$0.02,192.168.1.173,2025-12-12T18:38:22.930276
367,brooo,bugfix4,large,1,$0.05,192.168.1.192,2025-12-12T18:38:22.928893
354,ku;dedee,testpwd,large,1,$0.05,192.168.1.223,2025-12-12T18:38:22.928720
328,ku;dedee,wddwd,small,2,$0.02,192.168.1.46,2025-12-12T18:38:22.928112
326,brooo,linkboxchk,large,1,$0.05,192.168.1.103,2025-12-12T18:38:22.928064
284,name,bugfix1,small,3,$0.02,192.168.1.252,2025-12-12T18:38:22.927031
252,brooo,linkboxchk,small,3,$0.02,192.168.1.124,2025-12-12T18:38:22.926316
235,testuser,google-test,small,3,$0.02,192.168.1.82,2025-12-12T18:38:22.925921
231,name,bugfix2,small,2,$0.02,192.168.1.100,2025-12-12T18:38:22.925864
226,name,extension,small,3,$0.02,192.168.1.179,2025-12-12T18:38:22.925813
172,maahi,hzxasa,small,2,$0.02,192.168.1.164,2025-12-12T18:38:22.924028
155,maahi,hzxasa,small,2,$0.02,192.168.1.251,2025-12-12T18:38:22.923751
145,name,bugfix2,small,2,$0.02,192.168.1.179,2025-12-12T18:38:22.923472
121,ku;dedee,testpwd,small,3,$0.02,192.168.1.116,2025-12-12T18:38:22.922693
109,maahi,hzxasa,small,3,$0.02,192.168.1.247,2025-12-12T18:38:22.922235
74,testuser,google-test,large,1,$0.05,192.168.1.135,2025-12-12T18:38:22.921625
45,name,bugfix1,small,2,$0.02,192.168.1.153,2025-12-12T18:38:22.919993
44,sandipp,dewe,small,3,$0.02,192.168.1.220,2025-12-12T18:38:22.919972
1068,maahi,hisss,large,2,$0.05,192.168.1.1,2025-12-12T00:17:44.037472
1030,sandip,sand,small,1,$0.02,192.168.1.1,2025-12-12T00:17:44.036559
1027,sandip,sand,large,1,$0.05,192.168.1.1,2025-12-12T00:17:44.036499
986,name,demo,large,1,$0.05,192.168.1.1,2025-12-12T00:17:44.035670
983,name,demo,small,3,$0.02,192.168.1.1,2025-12-12T00:17:44.035621
976,name,demo,large,2,$0.05,192.168.1.1,2025-12-12T00:17:44.035491
968,name,demo,small,2,$0.02,192.168.1.1,2025-12-12T00:17:44.035338
917,name,aC2JOu,large,3,$0.05,192.168.1.1,2025-12-12T00:17:44.034062
848,ku;dedee,wddwd,large,2,$0.05,192.168.1.1,2025-12-12T00:17:44.033090
774,ku;dedee,wddwd,small,2,$0.02,192.168.1.219,2025-12-11T18:38:22.940200
766,testuser,google-test,small,3,$0.02,192.168.1.119,2025-12-11T18:38:22.940089
711,name,aC2JOu,small,3,$0.02,192.168.1.245,2025-12-11T18:38:22.938577
685,name,extension,large,1,$0.05,192.168.1.205,2025-12-11T18:38:22.938346
677,maahi,hzxasa,small,2,$0.02,192.168.1.97,2025-12-11T18:38:22.938252
662,testuser,google-test,small,3,$0.02,192.168.1.141,2025-12-11T18:38:22.938081
561,kscs,168926,small,3,$0.02,192.168.1.169,2025-12-11T18:38:22.935055
532,name,extension,small,3,$0.02,192.168.1.35,2025-12-11T18:38:22.933540
529,maahi,hzxasa,small,3,$0.02,192.168.1.170,2025-12-11T18:38:22.933514
484,name,bugfix1,small,3,$0.02,192.168.1.93,2025-12-11T18:38:22.932477
475,kscs,168926,small,2,$0.02,192.168.1.17,2025-12-11T18:38:22.932370
399,ku;dedee,testpwd,small,2,$0.02,192.168.1.232,2025-12-11T18:38:22.929824
389,name,aC2JOu,small,3,$0.02,192.168.1.155,2025-12-11T18:38:22.929662
368,name,extension,small,3,$0.02,192.168.1.149,2025-12-11T18:38:22.928902
269,name,demo,small,3,$0.02,192.168.1.114,2025-12-11T18:38:22.926591
242,maahi,hisss,small,2,$0.02,192.168.1.114,2025-12-11T18:38:22.926030
212,name,aC2JOu,small,3,$0.02,192.168.1.210,2025-12-11T18:38:22.925353
177,ku;dedee,wddwd,small,3,$0.02,192.168.1.159,2025-12-11T18:38:22.924108
161,ku;dedee,testpwd,small,3,$0.02,192.168.1.85,2025-12-11T18:38:22.923871
137,testuser,google-test,small,2,$0.02,192.168.1.210,2025-12-11T18:38:22.923282
131,kscs,news,small,2,$0.02,192.168.1.162,2025-12-11T18:38:22.923223
38,maahi,hisss,small,3,$0.02,192.168.1.139,2025-12-11T18:38:22.919810
6,testuser,google-test,small,3,$0.02,192.168.1.253,2025-12-11T18:38:22.918083
5,kscs,168926,large,1,$0.05,192.168.1.41,2025-12-11T18:38:22.918068
1058,sandipp,dewe,small,2,$0.02,192.168.1.1,2025-12-11T00:17:44.037237
1031,sandip,sand,large,3,$0.05,192.168.1.1,2025-12-11T00:17:44.036580
1010,name,demo,large,3,$0.05,192.168.1.1,2025-12-11T00:17:44.036135
944,testuser,google-test,large,2,$0.05,192.168.1.1,2025-12-11T00:17:44.034878
930,testuser,google-test,large,3,$0.05,192.168.1.1,2025-12-11T00:17:44.034612
916,name,aC2JOu,small,2,$0.02,192.168.1.1,2025-12-11T00:17:44.034040
895,name,aC2JOu,large,2,$0.05,192.168.1.1,2025-12-11T00:17:44.033719
882,name,aC2JOu,large,3,$0.05,192.168.1.1,2025-12-11T00:17:44.033513
868,name,extension,small,3,$0.02,192.168.1.1,2025-12-11T00:17:44.033341
850,ku;dedee,wddwd,small,1,$0.02,192.168.1.1,2025-12-11T00:17:44.033115
799,brooo,test1,small,2,$0.02,192.168.1.53,2025-12-10T18:38:22.941115
797,brooo,bugfix4,small,2,$0.02,192.168.1.51,2025-12-10T18:38:22.941097
791,ku;dedee,wddwd,small,3,$0.02,192.168.1.69,2025-12-10T18:38:22.941043
725,name,aC2JOu,large,1,$0.05,192.168.1.81,2025-12-10T18:38:22.938712
721,brooo,bugfix4,small,2,$0.02,192.168.1.3,2025-12-10T18:38:22.938674
553,brooo,test1,small,2,$0.02,192.168.1.68,2025-12-10T18:38:22.934882
455,brooo,test1,large,1,$0.05,192.168.1.153,2025-12-10T18:38:22.931587
438,name,bugfix3,small,3,$0.02,192.168.1.4,2025-12-10T18:38:22.930770
429,brooo,bugfix4,small,3,$0.02,192.168.1.137,2025-12-10T18:38:22.930559
421,brooo,linkboxchk,large,1,$0.05,192.168.1.38,2025-12-10T18:38:22.930453
414,testuser,google-test,small,3,$0.02,192.168.1.69,2025-12-10T18:38:22.930342
392,ku;dedee,testpwd,small,2,$0.02,192.168.1.192,2025-12-10T18:38:22.929728
333,ku;dedee,wddwd,small,2,$0.02,192.168.1.99,2025-12-10T18:38:22.928185
318,brooo,bugfix4,small,2,$0.02,192.168.1.126,2025-12-10T18:38:22.927576
287,name,kkk,small,2,$0.02,192.168.1.4,2025-12-10T18:38:22.927078
254,kscs,news,large,1,$0.05,192.168.1.78,2025-12-10T18:38:22.926347
239,name,aC2JOu,large,1,$0.05,192.168.1.166,2025-12-10T18:38:22.925982
238,name,bugfix3,large,1,$0.05,192.168.1.218,2025-12-10T18:38:22.925964
230,name,demo,large,1,$0.05,192.168.1.163,2025-12-10T18:38:22.925855
217,name,kkk,small,2,$0.02,192.168.1.234,2025-12-10T18:38:22.925478
182,maahi,hzxasa,large,1,$0.05,192.168.1.148,2025-12-10T18:38:22.924224
166,maahi,hisss,small,2,$0.02,192.168.1.240,2025-12-10T18:38:22.923948
149,brooo,bugfix4,small,3,$0.02,192.168.1.238,2025-12-10T18:38:22.923551
76,name,bugfix2,small,3,$0.02,192.168.1.19,2025-12-10T18:38:22.921659
19,kscs,168926,large,1,$0.05,192.168.1.63,2025-12-10T18:38:22.918817
18,testuser,google-test,small,3,$0.02,192.168.1.204,2025-12-10T18:38:22.918803
1048,sandipp,dewe,large,1,$0.05,192.168.1.1,2025-12-10T00:17:44.037026
1046,sandipp,dewe,large,3,$0.05,192.168.1.1,2025-12-10T00:17:44.036983
1034,sandipp,dewe,large,1,$0.05,192.168.1.1,2025-12-10T00:17:44.036643
958,testuser,google-test,large,3,$0.05,192.168.1.1,2025-12-10T00:17:44.035166
939,testuser,google-test,large,1,$0.05,192.168.1.1,2025-12-10T00:17:44.034782
875,name,extension,small,1,$0.02,192.168.1.1,2025-12-10T00:17:44.033427
867,name,extension,large,3,$0.05,192.168.1.1,2025-12-10T00:17:44.033329
835,ku;dedee,wddwd,large,2,$0.05,192.168.1.1,2025-12-10T00:17:44.032883
824,brooo,test1,small,2,$0.02,192.168.1.146,2025-12-09T18:38:22.941338
823,maahi,hzxasa,small,3,$0.02,192.168.1.40,2025-12-09T18:38:22.941329
788,ku;dedee,testpwd,large,1,$0.05,192.168.1.221,2025-12-09T18:38:22.940979
782,maahi,hzxasa,small,3,$0.02,192.168.1.28,2025-12-09T18:38:22.940362
781,sandipp,dewe,small,3,$0.02,192.168.1.144,2025-12-09T18:38:22.940350
780,maahi,hisss,small,2,$0.02,192.168.1.155,2025-12-09T18:38:22.940338
727,name,extension,large,1,$0.05,192.168.1.140,2025-12-09T18:38:22.938729
654,brooo,linkboxchk,small,2,$0.02,192.168.1.26,2025-12-09T18:38:22.938006
626,maahi,hzxasa,large,1,$0.05,192.168.1.156,2025-12-09T18:38:22.937521
615,name,bugfix1,small,3,$0.02,192.168.1.222,2025-12-09T18:38:22.937155
603,kscs,news,small,2,$0.02,192.168.1.71,2025-12-09T18:38:22.936503
557,brooo,test1,small,3,$0.02,192.168.1.160,2025-12-09T18:38:22.934964
550,brooo,bugfix4,small,3,$0.02,192.168.1.104,2025-12-09T18:38:22.934752
542,name,bugfix2,large,1,$0.05,192.168.1.246,2025-12-09T18:38:22.934565
513,brooo,test1,small,3,$0.02,192.168.1.215,2025-12-09T18:38:22.933263
453,testuser,google-test,small,3,$0.02,192.168.1.58,2025-12-09T18:38:22.931554
434,brooo,linkboxchk,small,3,$0.02,192.168.1.180,2025-12-09T18:38:22.930632
423,name,bugfix2,small,3,$0.02,192.168.1.110,2025-12-09T18:38:22.930480
397,brooo,linkboxchk,large,1,$0.05,192.168.1.165,2025-12-09T18:38:22.929799
345,kscs,168926,large,1,$0.05,192.168.1.146,2025-12-09T18:38:22.928589
322,name,demo,small,2,$0.02,192.168.1.37,2025-12-09T18:38:22.927857
202,brooo,bugfix4,small,3,$0.02,192.168.1.31,2025-12-09T18:38:22.924930
158,ku;dedee,wddwd,small,3,$0.02,192.168.1.6,2025-12-09T18:38:22.923828
130,name,aC2JOu,small,3,$0.02,192.168.1.179,2025-12-09T18:38:22.923208
104,kscs,news,small,2,$0.02,192.168.1.254,2025-12-09T18:38:22.922166
50,name,kkk,small,3,$0.02,192.168.1.81,2025-12-09T18:38:22.920175
33,kscs,news,small,2,$0.02,192.168.1.192,2025-12-09T18:38:22.919705
24,name,demo,small,2,$0.02,192.168.1.25,2025-12-09T18:38:22.919014
8,testuser,google-test,large,1,$0.05,192.168.1.30,2025-12-09T18:38:22.918111
1108,maahi,hzxasa,large,1,$0.05,192.168.1.1,2025-12-09T00:17:44.038061
1090,maahi,hzxasa,small,1,$0.02,192.168.1.1,2025-12-09T00:17:44.037828
1043,sandipp,dewe,small,1,$0.02,192.168.1.1,2025-12-09T00:17:44.036827
1026,sandip,sand,large,3,$0.05,192.168.1.1,2025-12-09T00:17:44.036480
1024,sandip,sand,large,2,$0.05,192.168.1.1,2025-12-09T00:17:44.036436
1023,sandip,sand,large,2,$0.05,192.168.1.1,2025-12-09T00:17:44.036414
980,name,demo,large,1,$0.05,192.168.1.1,2025-12-09T00:17:44.035547
921,name,aC2JOu,large,3,$0.05,192.168.1.1,2025-12-09T00:17:44.034431
847,ku;dedee,wddwd,small,2,$0.02,192.168.1.1,2025-12-09T00:17:44.033078
841,ku;dedee,wddwd,small,3,$0.02,192.168.1.1,2025-12-09T00:17:44.032999
807,brooo,test1,small,3,$0.02,192.168.1.40,2025-12-08T18:38:22.941193
794,ku;dedee,wddwd,small,3,$0.02,192.168.1.16,2025-12-08T18:38:22.941070
784,maahi,hzxasa,large,1,$0.05,192.168.1.57,2025-12-08T18:38:22.940388
776,kscs,news,small,3,$0.02,192.168.1.157,2025-12-08T18:38:22.940237
718,ku;dedee,wddwd,small,3,$0.02,192.168.1.18,2025-12-08T18:38:22.938646
713,name,bugfix2,small,3,$0.02,192.168.1.36,2025-12-08T18:38:22.938599
646,name,aC2JOu,large,1,$0.05,192.168.1.70,2025-12-08T18:38:22.937912
642,maahi,hisss,small,3,$0.02,192.168.1.32,2025-12-08T18:38:22.937693
609,maahi,hisss,large,1,$0.05,192.168.1.179,2025-12-08T18:38:22.936875
566,name,bugfix2,large,1,$0.05,192.168.1.166,2025-12-08T18:38:22.935136
560,brooo,test1,large,1,$0.05,192.168.1.38,2025-12-08T18:38:22.935015
511,sandip,sand,small,3,$0.02,192.168.1.122,2025-12-08T18:38:22.933242
478,name,bugfix3,large,1,$0.05,192.168.1.136,2025-12-08T18:38:22.932405
433,sandip,sand,large,1,$0.05,192.168.1.245,2025-12-08T18:38:22.930617
323,kscs,news,large,1,$0.05,192.168.1.118,2025-12-08T18:38:22.927872
316,name,aC2JOu,large,1,$0.05,192.168.1.64,2025-12-08T18:38:22.927547
298,name,aC2JOu,small,3,$0.02,192.168.1.204,2025-12-08T18:38:22.927263
279,name,aC2JOu,large,1,$0.05,192.168.1.196,2025-12-08T18:38:22.926890
270,ku;dedee,wddwd,small,3,$0.02,192.168.1.111,2025-12-08T18:38:22.926608
201,name,extension,small,3,$0.02,192.168.1.183,2025-12-08T18:38:22.924914
175,brooo,linkboxchk,small,3,$0.02,192.168.1.251,2025-12-08T18:38:22.924065
125,kscs,168926,small,3,$0.02,192.168.1.14,2025-12-08T18:38:22.923019
120,brooo,test1,large,1,$0.05,192.168.1.67,2025-12-08T18:38:22.922620
113,name,aC2JOu,large,1,$0.05,192.168.1.68,2025-12-08T18:38:22.922289
105,brooo,test1,large,1,$0.05,192.168.1.139,2025-12-08T18:38:22.922180
77,name,kkk,small,2,$0.02,192.168.1.111,2025-12-08T18:38:22.921672
29,name,bugfix1,large,1,$0.05,192.168.1.47,2025-12-08T18:38:22.919628
14,kscs,168926,small,3,$0.02,192.168.1.155,2025-12-08T18:38:22.918195
1087,maahi,hisss,small,3,$0.02,192.168.1.1,2025-12-08T00:17:44.037785
1067,maahi,hisss,small,1,$0.02,192.168.1.1,2025-12-08T00:17:44.037453
1061,sandipp,dewe,large,1,$0.05,192.168.1.1,2025-12-08T00:17:44.037296
1038,sandipp,dewe,small,2,$0.02,192.168.1.1,2025-12-08T00:17:44.036722
1019,sandip,sand,small,1,$0.02,192.168.1.1,2025-12-08T00:17:44.036324
1000,name,demo,small,3,$0.02,192.168.1.1,2025-12-08T00:17:44.035936
948,testuser,google-test,large,2,$0.05,192.168.1.1,2025-12-08T00:17:44.034957
912,name,aC2JOu,small,1,$0.02,192.168.1.1,2025-12-08T00:17:44.033947
884,name,aC2JOu,small,2,$0.02,192.168.1.1,2025-12-08T00:17:44.033537
870,name,extension,small,2,$0.02,192.168.1.1,2025-12-08T00:17:44.033365
857,ku;dedee,wddwd,large,3,$0.05,192.168.1.1,2025-12-08T00:17:44.033202
851,ku;dedee,wddwd,small,3,$0.02,192.168.1.1,2025-12-08T00:17:44.033127
826,ku;dedee,wddwd,small,1,$0.02,192.168.1.1,2025-12-08T00:17:44.032560
818,kscs,news,small,3,$0.02,192.168.1.142,2025-12-07T18:38:22.941288
789,name,bugfix1,small,3,$0.02,192.168.1.43,2025-12-07T18:38:22.941021
760,name,bugfix2,large,1,$0.05,192.168.1.111,2025-12-07T18:38:22.939599
756,ku;dedee,wddwd,small,2,$0.02,192.168.1.118,2025-12-07T18:38:22.939565
749,name,kkk,small,2,$0.02,192.168.1.111,2025-12-07T18:38:22.939504
735,name,bugfix1,small,3,$0.02,192.168.1.105,2025-12-07T18:38:22.939371
689,ku;dedee,wddwd,large,1,$0.05,192.168.1.32,2025-12-07T18:38:22.938381
686,brooo,bugfix4,small,3,$0.02,192.168.1.70,2025-12-07T18:38:22.938354
672,name,bugfix2,small,2,$0.02,192.168.1.97,2025-12-07T18:38:22.938200
605,kscs,168926,small,2,$0.02,192.168.1.54,2025-12-07T18:38:22.936535
591,name,demo,large,1,$0.05,192.168.1.232,2025-12-07T18:38:22.936317
571,brooo,bugfix4,small,3,$0.02,192.168.1.120,2025-12-07T18:38:22.935557
528,brooo,bugfix4,small,2,$0.02,192.168.1.253,2025-12-07T18:38:22.933506
492,brooo,bugfix4,large,1,$0.05,192.168.1.126,2025-12-07T18:38:22.932902
485,name,bugfix2,small,3,$0.02,192.168.1.242,2025-12-07T18:38:22.932486
460,name,aC2JOu,small,3,$0.02,192.168.1.176,2025-12-07T18:38:22.932182
419,name,kkk,small,2,$0.02,192.168.1.60,2025-12-07T18:38:22.930420
361,brooo,test1,small,3,$0.02,192.168.1.15,2025-12-07T18:38:22.928809
339,brooo,test1,small,3,$0.02,192.168.1.55,2025-12-07T18:38:22.928265
324,name,bugfix2,large,1,$0.05,192.168.1.49,2025-12-07T18:38:22.927885
317,testuser,google-test,large,1,$0.05,192.168.1.169,2025-12-07T18:38:22.927561
303,brooo,test1,small,2,$0.02,192.168.1.67,2025-12-07T18:38:22.927351
291,name,kkk,small,2,$0.02,192.168.1.190,2025-12-07T18:38:22.927146
278,ku;dedee,testpwd,large,1,$0.05,192.168.1.52,2025-12-07T18:38:22.926723
259,name,bugfix1,small,3,$0.02,192.168.1.251,2025-12-07T18:38:22.926455
188,ku;dedee,wddwd,large,1,$0.05,192.168.1.115,2025-12-07T18:38:22.924575
164,name,bugfix1,large,1,$0.05,192.168.1.65,2025-12-07T18:38:22.923915
97,kscs,news,small,3,$0.02,192.168.1.195,2025-12-07T18:38:22.922066
51,name,demo,large,1,$0.05,192.168.1.84,2025-12-07T18:38:22.920189
48,kscs,168926,small,2,$0.02,192.168.1.37,2025-12-07T18:38:22.920032
43,sandipp,dewe,small,3,$0.02,192.168.1.200,2025-12-07T18:38:22.919959
1079,maahi,hisss,small,1,$0.02,192.168.1.1,2025-12-07T00:17:44.037674
1062,sandipp,dewe,large,2,$0.05,192.168.1.1,2025-12-07T00:17:44.037315
975,name,demo,small,1,$0.02,192.168.1.1,2025-12-07T00:17:44.035471
964,testuser,google-test,large,3,$0.05,192.168.1.1,2025-12-07T00:17:44.035269
943,testuser,google-test,large,3,$0.05,192.168.1.1,2025-12-07T00:17:44.034859
935,testuser,google-test,small,2,$0.02,192.168.1.1,2025-12-07T00:17:44.034703
830,ku;dedee,wddwd,large,3,$0.05,192.168.1.1,2025-12-07T00:17:44.032820
808,ku;dedee,wddwd,large,1,$0.05,192.168.1.104,2025-12-06T18:38:22.941201
770,name,aC2JOu,large,1,$0.05,192.168.1.253,2025-12-06T18:38:22.940150
742,name,bugfix1,small,2,$0.02,192.168.1.20,2025-12-06T18:38:22.939443
701,testuser,google-test,small,3,$0.02,192.168.1.228,2025-12-06T18:38:22.938491
657,testuser,google-test,small,2,$0.02,192.168.1.186,2025-12-06T18:38:22.938033
650,ku;dedee,testpwd,small,3,$0.02,192.168.1.195,2025-12-06T18:38:22.937955
644,maahi,hzxasa,small,3,$0.02,192.168.1.141,2025-12-06T18:38:22.937882
564,maahi,hzxasa,small,2,$0.02,192.168.1.148,2025-12-06T18:38:22.935107
546,name,bugfix2,small,2,$0.02,192.168.1.172,2025-12-06T18:38:22.934632
468,name,bugfix1,small,3,$0.02,192.168.1.18,2025-12-06T18:38:22.932307
454,testuser,google-test,small,2,$0.02,192.168.1.208,2025-12-06T18:38:22.931570
445,ku;dedee,testpwd,large,1,$0.05,192.168.1.242,2025-12-06T18:38:22.931306
411,name,demo,small,3,$0.02,192.168.1.69,2025-12-06T18:38:22.930294
390,brooo,bugfix4,small,3,$0.02,192.168.1.151,2025-12-06T18:38:22.929688
387,kscs,168926,small,2,$0.02,192.168.1.163,2025-12-06T18:38:22.929549
372,brooo,linkboxchk,large,1,$0.05,192.168.1.180,2025-12-06T18:38:22.928939
370,name,bugfix2,small,2,$0.02,192.168.1.179,2025-12-06T18:38:22.928921
348,kscs,news,small,2,$0.02,192.168.1.2,2025-12-06T18:38:22.928639
320,testuser,google-test,small,2,$0.02,192.168.1.49,2025-12-06T18:38:22.927609
311,name,bugfix3,large,1,$0.05,192.168.1.1,2025-12-06T18:38:22.927476
300,name,demo,large,1,$0.05,192.168.1.84,2025-12-06T18:38:22.927292
272,name,kkk,small,3,$0.02,192.168.1.225,2025-12-06T18:38:22.926639
222,maahi,hisss,small,2,$0.02,192.168.1.11,2025-12-06T18:38:22.925755
180,ku;dedee,wddwd,small,2,$0.02,192.168.1.83,2025-12-06T18:38:22.924192
168,name,bugfix2,small,3,$0.02,192.168.1.16,2025-12-06T18:38:22.923974
106,name,demo,small,2,$0.02,192.168.1.141,2025-12-06T18:38:22.922192
95,ku;dedee,wddwd,large,1,$0.05,192.168.1.185,2025-12-06T18:38:22.921990
81,maahi,hisss,small,3,$0.02,192.168.1.64,2025-12-06T18:38:22.921725
70,maahi,hisss,small,2,$0.02,192.168.1.158,2025-12-06T18:38:22.921565
49,testuser,google-test,small,2,$0.02,192.168.1.97,2025-12-06T18:38:22.920153
39,ku;dedee,wddwd,small,3,$0.02,192.168.1.185,2025-12-06T18:38:22.919866
31,brooo,bugfix4,large,1,$0.05,192.168.1.114,2025-12-06T18:38:22.919657
1,sandipp,dewe,small,2,$0.02,192.168.1.202,2025-12-06T18:38:22.917598
1078,maahi,hisss,small,1,$0.02,192.168.1.1,2025-12-06T00:17:44.037661
1029,sandip,sand,small,3,$0.02,192.168.1.1,2025-12-06T00:17:44.036539
995,name,demo,large,2,$0.05,192.168.1.1,2025-12-06T00:17:44.035858
993,name,demo,large,2,$0.05,192.168.1.1,2025-12-06T00:17:44.035813
969,name,demo,small,3,$0.02,192.168.1.1,2025-12-06T00:17:44.035356
967,name,demo,large,2,$0.05,192.168.1.1,2025-12-06T00:17:44.035319
962,testuser,google-test,large,2,$0.05,192.168.1.1,2025-12-06T00:17:44.035244
902,name,aC2JOu,large,3,$0.05,192.168.1.1,2025-12-06T00:17:44.033808
887,name,aC2JOu,small,1,$0.02,192.168.1.1,2025-12-06T00:17:44.033575
876,name,extension,small,1,$0.02,192.168.1.1,2025-12-06T00:17:44.033439
861,ku;dedee,wddwd,large,3,$0.05,192.168.1.1,2025-12-06T00:17:44.033251
792,name,bugfix3,small,2,$0.02,192.168.1.165,2025-12-05T18:38:22.941052
758,ku;dedee,testpwd,large,1,$0.05,192.168.1.157,2025-12-05T18:38:22.939582
753,brooo,linkboxchk,small,3,$0.02,192.168.1.200,2025-12-05T18:38:22.939539
703,brooo,bugfix4,small,3,$0.02,192.168.1.151,2025-12-05T18:38:22.938509
683,ku;dedee,testpwd,small,3,$0.02,192.168.1.192,2025-12-05T18:38:22.938308
661,sandipp,dewe,small,3,$0.02,192.168.1.72,2025-12-05T18:38:22.938073
592,name,aC2JOu,large,1,$0.05,192.168.1.212,2025-12-05T18:38:22.936334
531,name,demo,large,1,$0.05,192.168.1.87,2025-12-05T18:38:22.933531
524,name,bugfix1,small,3,$0.02,192.168.1.121,2025-12-05T18:38:22.933454
516,name,bugfix3,small,3,$0.02,192.168.1.73,2025-12-05T18:38:22.933339
503,maahi,hisss,small,2,$0.02,192.168.1.152,2025-12-05T18:38:22.933003
497,maahi,hisss,small,3,$0.02,192.168.1.133,2025-12-05T18:38:22.932945
482,ku;dedee,wddwd,large,1,$0.05,192.168.1.67,2025-12-05T18:38:22.932458
439,brooo,bugfix4,small,2,$0.02,192.168.1.213,2025-12-05T18:38:22.930787
356,testuser,google-test,small,3,$0.02,192.168.1.121,2025-12-05T18:38:22.928741
274,name,bugfix3,large,1,$0.05,192.168.1.215,2025-12-05T18:38:22.926665
262,brooo,linkboxchk,small,2,$0.02,192.168.1.17,2025-12-05T18:38:22.926494
204,brooo,bugfix4,small,2,$0.02,192.168.1.13,2025-12-05T18:38:22.924975
191,brooo,linkboxchk,small,3,$0.02,192.168.1.229,2025-12-05T18:38:22.924621
171,ku;dedee,wddwd,small,3,$0.02,192.168.1.233,2025-12-05T18:38:22.924014
148,name,bugfix1,small,2,$0.02,192.168.1.91,2025-12-05T18:38:22.923498
139,kscs,168926,small,3,$0.02,192.168.1.240,2025-12-05T18:38:22.923417
114,name,bugfix2,small,3,$0.02,192.168.1.173,2025-12-05T18:38:22.922303
96,brooo,test1,small,2,$0.02,192.168.1.229,2025-12-05T18:38:22.922048
52,name,demo,small,3,$0.02,192.168.1.195,2025-12-05T18:38:22.920217
40,name,bugfix2,small,2,$0.02,192.168.1.237,2025-12-05T18:38:22.919912
11,brooo,test1,small,2,$0.02,192.168.1.99,2025-12-05T18:38:22.918150
